customer_id,avg_transaction_value
C8618,1836
C9587,2251
C8387,1909
C8111,2480
C1804,1990
C2983,2300
C1842,2568
C3656,3372
C1602,2063
C8196,1841
C6521,3022
C1524,2207
C1100,2516
C5725,1696
C1571,1999
C3970,2054
C8007,2746
C6966,1787
C2430,2888
C2207,2789
C2367,3651
C2777,2135
C7299,2834
C7031,2254
C8178,1694
C2320,1881
C9225,2212
C4932,1624
C2100,2950
C2843,2588
C5169,1251
C6091,2217
C8907,2695
C5733,2921
C4276,1818
C6174,2483
C5236,2278
C6406,2184
C4980,1660
C4863,3042
C8368,2355
C5219,2733
C6678,1836
C8849,1910
C1875,2713
C4202,1782
C5745,2124
C3424,2351
C2846,3111
C5974,4758
C3981,2161
C3397,2821
C5490,2480
C1774,2633
C8090,2457
C5984,1939
C8477,2779
C4112,2064
C1628,1880
C2490,3491
C3029,2796
C5934,1961
C3280,1685
C7927,2396
C7995,1296
C6502,2934
C7413,3408
C9224,1924
C3620,3033
C8230,2366
C7810,1714
C7341,2691
C9605,2811
C5835,2323
C1305,1695
C3178,2358
C9082,3004
C5839,3641
C4566,1922
C3109,1742
C5055,1852
C8112,1992
C9405,2471
C1829,2693
C6832,2472
C2243,2719
C4141,1803
C2744,2486
C7923,2020
C4973,2820
C5988,3914
C3124,2133
C1130,2334
C2178,2693
C1482,2331
C3929,2145
C6198,2221
C2570,1811
C2899,1967
C4362,2441
C5781,1901
C2779,2646
C8661,2144
C3829,2131
C4330,2358
C6606,3648
C1709,2629
C1665,1668
C1917,2391
C2954,2493
C8666,2316
C9602,3308
C8817,2801
C5607,2341
C1189,1969
C5017,2909
C1194,1650
C2539,2431
C1586,2584
C4166,2507
C9229,3370
C7228,2827
C1852,2488
C2218,2667
C7164,2069
C8675,2262
C7511,2385
C4909,2664
C1358,2635
C7681,2698
C8075,2683
C4592,3980
C6975,3116
C7826,2826
C1814,1428
C6924,2412
C9393,2011
C4598,2998
C3457,1807
C8228,3321
C9084,2328
C1212,2183
C4050,2125
C4105,2467
C6754,3366
C2006,2685
C7977,2441
C9388,2282
C3202,1670
C4364,2572
C5872,3073
C2743,2228
C7479,2708
C6463,2118
C1729,2048
C9760,2497
C1096,1674
C7777,2739
C1642,1521
C5461,2473
C6448,2733
C6326,1700
C3842,2446
C9495,3244
C3642,1362
C5526,3323
C5418,3844
C5164,2224
C9008,2445
C3099,2150
C5421,2418
C6165,2090
C8803,2424
C2428,2696
C4942,2732
C7333,2431
C2705,3340
C4054,1634
C1815,2997
C1623,3621
C3234,1803
C1520,1451
C9171,2196
C5307,2620
C7035,2744
C8241,3667
C8737,3293
C7345,3037
C5655,2197
C2357,1928
C7054,2636
C3927,3814
C5323,2453
C9664,3799
C2650,2660
C1704,1688
C2534,2143
C6940,2551
C1173,1595
C3553,2791
C6702,2876
C6123,2822
C8765,1668
C7949,1897
C8473,2465
C2342,3017
C8845,2110
C7990,2401
C1195,2864
C5811,2231
C5855,2287
C5176,2568
C6087,1692
C8508,988
C6772,2774
C8433,2070
C9159,2399
C4741,2278
C9182,1733
C3677,2744
C5646,2521
C8590,2628
C2472,2759
C9765,3404
C2508,2765
C8983,2490
C9534,2681
C6951,1842
C1491,2028
C1454,2744
C6900,2226
C6681,2860
C5644,3403
C6762,2721
C6782,2870
C7415,2983
C6417,2566
C4708,3329
C9014,2956
C2425,3169
C3777,2151
C3001,2684
C3820,2741
C2461,2567
C6943,3112
C9817,2517
C3590,2094
C1396,1982
C7123,1719
C9706,1592
C1740,2456
C6748,2626
C2358,2475
C2270,1719
C6512,2063
C5857,3377
C1649,2993
C6715,3094
C2576,3321
C2379,1813
C7925,2577
C8300,3973
C4440,3164
C5105,2164
C4171,3013
C3097,2071
C7579,2989
C8838,2566
C3163,2383
C7132,2302
C9438,2583
C7615,2216
C6005,1745
C4286,1657
C4353,3064
C5170,2256
C1023,1819
C6016,2831
C1947,2690
C8879,3386
C3069,2884
C2836,2117
C6002,2635
C1943,2995
C9130,2227
C1498,3471
C9780,2558
C5282,2923
C2766,1930
C5411,3173
C5262,2317
C9896,2859
C3651,2706
C7907,1842
C5903,2598
C7909,2088
C2368,2473
C5950,2238
C5301,2111
C2412,3362
C6383,3522
C2566,2095
C4924,1886
C3813,1007
C1769,1896
C1798,2761
C6845,2625
C3024,2481
C3778,2582
C8718,2135
C1337,2019
C4125,2481
C4552,2980
C7263,1371
C6967,2632
C5104,3606
C9612,2515
C3201,2213
C3046,2488
C5737,1679
C6931,2662
C7424,3511
C4305,3336
C7001,2677
C8579,2331
C5353,2293
C4915,1821
C5881,2390
C7916,3115
C4628,1810
C9516,3559
C2473,4064
C4150,2421
C9296,2462
C7190,1287
C4288,3038
C9791,1466
C2062,1768
C7194,3869
C8370,2622
C1036,3289
C8132,3468
C3423,3391
C1114,2461
C1703,2096
C4165,2147
C5241,2641
C7083,2211
C6985,3216
C5637,2622
C2120,2364
C9442,3008
C4640,2605
C8873,1514
C4498,2179
C6384,2914
C6974,2122
C9051,2037
C7234,3015
C9569,2521
C3033,2679
C7892,2544
C1955,1953
C3579,2748
C5874,2544
C7733,1679
C2792,2838
C9256,2601
C5948,1627
C9687,3445
C8568,3351
C9096,3021
C3645,2468
C8774,2159
C6042,2043
C6119,2840
C1732,2856
C8208,2143
C7493,2976
C9892,2941
C7771,3661
C7385,1649
C9075,2244
C1127,2123
C1918,2016
C5532,2177
C8679,2675
C8780,2125
C9776,2324
C3913,2995
C7379,2130
C7370,2507
C8794,1289
C1321,1984
C4786,2678
C1328,2791
C3343,2704
C1343,2481
C5239,2446
C1934,2224
C2724,1945
C4036,2494
C4916,2549
C2988,3277
C7104,1889
C4473,2997
C4346,2120
C1542,2346
C2075,2962
C3070,2179
C2203,2126
C9444,2443
C6360,1879
C3533,1987
C7524,2375
C4831,2408
C9666,2774
C7584,2001
C4117,2561
C6861,1650
C3463,2773
C7420,2282
C1570,2942
C3007,3211
C1600,3117
C1359,2563
C8556,2615
C9232,1608
C1507,2705
C2249,2128
C9314,2767
C2492,1738
C6034,1850
C3999,2207
C1608,2306
C5340,2882
C9767,2111
C7497,3107
C2857,1959
C8052,3240
C7502,1870
C1937,2193
C3459,3135
C9944,2604
C5163,2589
C3835,2524
C9503,2260
C7580,3085
C3896,2668
C2926,2392
C7833,2829
C3719,2018
C2009,2698
C2406,2377
C4103,2555
C1485,1323
C3960,2562
C6154,2228
C1817,1951
C8055,2703
C8073,3411
C1209,3284
C6576,2749
C7801,2830
C6438,1581
C7758,4061
C1526,3243
C1952,2904
C6240,3019
C4254,2953
C9478,2284
C9153,2206
C5808,2596
C1558,1789
C5888,2569
C3363,2762
C5847,1448
C6415,2687
C3329,2898
C1066,2335
C2872,2432
C1020,2120
C2643,1116
C5760,2053
C9079,2398
C3061,2580
C6472,3598
C6554,2615
C8557,2291
C2416,2952
C1322,2295
C4292,3633
C5147,3446
C3211,2967
C6314,3091
C7402,2169
C6278,2856
C4667,2205
C4070,2833
C4597,1699
C8298,3245
C4866,2234
C4414,2726
C7075,2692
C4520,2242
C3349,3189
C1717,3044
C5138,2562
C2932,1429
C9464,2584
C9852,1800
C6856,3767
C5223,1893
C3245,2191
C4324,2877
C8343,2449
C6687,2328
C9013,2669
C3327,1585
C3357,3458
C7043,2356
C1893,2349
C3658,2848
C9627,2010
C5261,1729
C8969,3461
C3071,2326
C2598,3916
C6793,2945
C6471,2499
C6269,2878
C6853,2138
C3940,2515
C2607,2891
C5003,3629
C9301,2176
C8303,2935
C8374,2127
C9539,1920
C8512,4515
C3126,3138
C2122,2446
C9712,1669
C4359,2558
C7659,2901
C5527,2204
C1186,2829
C6859,3008
C4974,3488
C6380,3173
C8962,1889
C2457,2342
C9693,1644
C5191,2325
C4441,3028
C1658,2555
C6585,2606
C5606,2595
C9781,3272
C5791,2008
C5101,1440
C7251,2177
C4022,1955
C7172,1698
C6593,2697
C4204,2975
C6027,3470
C7531,2837
C7611,2465
C3976,2767
C9591,4308
C4875,3143
C9959,3311
C9888,2832
C4268,2870
C8160,2149
C7116,1642
C9064,2343
C9048,3008
C2440,2422
C9680,2325
C5141,2602
C8022,3369
C9408,2536
C3973,2172
C4783,2867
C5517,1983
C9778,2876
C9979,2545
C9622,2305
C4447,3660
C5568,1515
C7863,3182
C9788,2533
C4136,2683
C1240,4018
C6929,2528
C2966,3473
C5110,3300
C2161,2632
C2340,2579
C1030,3006
C7944,2695
C7343,2670
C4793,2076
C5165,2164
C8011,2143
C5664,2615
C2977,2474
C5708,3197
C7365,1734
C6056,2375
C1587,2018
C2287,2265
C4969,2463
C8930,2775
C1462,3366
C1873,2782
C8673,2324
C7844,2891
C9879,1977
C1076,2796
C2637,2257
C5117,2112
C3786,1161
C4774,2972
C6699,3423
C6672,3185
C1156,1971
C1662,1813
C9146,2818
C6875,3018
C3952,3065
C4575,2631
C3948,2994
C2529,2886
C7553,2286
C3594,2091
C3487,2456
C4865,2710
C9904,2231
C4898,2033
C6148,2538
C8861,3048
C9017,2335
C2549,2201
C3975,2609
C9252,2061
C2047,2412
C6430,2777
C7079,2359
C7352,2343
C8588,3073
C9802,2298
C1859,2075
C1332,2579
C4072,2991
C2438,2462
C4878,1863
C4489,2325
C7921,2452
C1668,2913
C3042,2121
C1759,2433
C3200,2433
C1118,2791
C1688,2840
C4129,2662
C8154,2507
C6362,2642
C5395,1868
C4002,3162
C7745,2507
C5450,3292
C5121,2701
C3859,2196
C5968,3226
C9398,2235
C4130,4103
C4397,2236
C4494,2190
C6190,2381
C9502,2837
C4825,2484
C6516,2531
C6712,3168
C3530,2410
C6510,2806
C9190,842
C9371,3275
C8038,2619
C2376,2429
C7537,3170
C4694,1954
C4849,3505
C8240,2380
C5306,2264
C5814,2944
C2875,2242
C3078,2512
C4513,2447
C3541,1589
C7249,2015
C5651,2705
C8779,3361
C2710,3420
C7225,3329
C7210,2673
C3306,2985
C4727,1673
C4753,2533
C4409,1676
C6345,3303
C7544,2616
C2151,3848
C5139,3029
C1854,3653
C5068,1944
C8043,3318
C6838,2748
C3720,2592
C2012,2682
C7200,2873
C6462,3566
C6411,2303
C8715,2095
C7338,2466
C2613,2894
C2537,2947
C5767,2673
C8016,2190
C5341,2881
C1479,1720
C1549,2382
C7898,2918
C6220,1747
C8308,2731
C5747,2078
C5969,1595
C8041,2073
C7505,2304
C3758,1767
C8798,2677
C3035,3588
C8169,2752
C6679,2113
C3547,2080
C4376,3032
C3471,2635
C4482,3491
C1552,1781
C6839,2457
C2396,3074
C3903,2754
C7499,2596
C2157,2725
C5986,2631
C4118,3137
C1559,2549
C5445,2856
C8938,2070
C9409,3365
C9437,3236
C5508,3094
C6110,3051
C3161,1493
C7354,2049
C5382,2587
C4541,2408
C1014,2664
C9684,2309
C1609,3222
C5266,2189
C4222,3136
C3939,1765
C6407,1625
C5081,2526
C1115,1703
C4432,1912
C4720,1485
C1409,2638
C2839,2755
C4660,4394
C8184,2948
C9465,2873
C8756,2105
C8279,1964
C3266,2528
C1404,1770
C6922,2537
C8045,3749
C8822,3028
C2276,3082
C3483,1990
C5388,2281
C4210,3093
C3272,2226
C1908,1463
C3945,2262
C2829,1868
C9922,2310
C5287,2944
C2884,3347
C5810,795
C4421,2248
C9871,2631
C1110,2588
C9965,2503
C3256,3029
C8355,3574
C8408,1376
C2146,1999
C4868,2294
C4419,1564
C5693,2633
C9429,2149
C8547,3209
C8306,2302
C2741,1808
C4888,3010
C6916,1724
C7459,2721
C8093,2809
C9596,1618
C9211,3349
C6342,2397
C8997,3187
C4773,2724
C9824,2787
C7279,2402
C6305,2019
C6491,2319
C3741,1831
C2339,2106
C5555,1731
C2649,2686
C1239,1002
C7721,2625
C6451,3064
C4503,2722
C5181,2008
C9387,1895
C8411,2627
C7432,2098
C1585,2666
C6830,2339
C7789,2656
C2263,2885
C8533,1526
C3085,1545
C7147,3690
C2072,2556
C1706,1559
C3101,2761
C7718,1660
C3131,2663
C1375,2998
C9506,2362
C1574,2948
C9750,2713
C4453,2160
C4614,2433
C2313,2391
C6227,2000
C7115,2334
C5150,2999
C8717,2839
C6642,2135
C9206,2858
C8850,3429
C5177,2823
C9334,2942
C7393,2535
C3707,2284
C9123,2599
C1690,2326
C4369,2984
C4424,2499
C6952,1878
C8840,2190
C1543,2681
C1974,2915
C1879,2915
C9369,2036
C5990,2937
C4431,1794
C1675,2133
C3576,2279
C4941,3740
C3925,2929
C1601,1694
C3027,2696
C6981,2390
C5270,2336
C5052,2845
C8767,1916
C9497,2577
C2097,1792
C9095,2356
C3388,2241
C5886,3087
C6508,1933
C5462,2224
C7461,2126
C7934,1809
C8833,2599
C3134,2294
C7136,2382
C5787,1977
C9908,2591
C5312,1749
C5877,3644
C6809,3910
C3173,4067
C6895,3794
C5595,1813
C8580,1586
C9316,1769
C6546,2815
C5493,2878
C7967,2093
C3387,1802
C7256,3087
C9864,1910
C6572,2917
C9098,3130
C1231,3260
C4265,2746
C2134,2679
C2348,2657
C7011,2668
C4908,3126
C1131,2287
C1951,2145
C4728,1909
C4604,3343
C6490,2964
C3717,3605
C8498,2794
C1837,3617
C8937,3025
C2452,1395
C8296,1996
C8116,3239
C9553,1961
C4284,2617
C8603,2870
C8655,2717
C7000,1697
C5817,3683
C4950,2106
C6106,3195
C2361,2249
C4665,2075
C5756,3148
C4951,2749
C4844,2646
C5113,2754
C4766,2339
C3926,2652
C8094,2360
C1534,2610
C2316,2519
C7601,2036
C9370,2752
C9479,1808
C8281,2386
C1870,2591
C8518,2844
C9804,2014
C1284,1817
C6266,1908
C2617,3021
C7563,2711
C7712,2526
C7254,2578
C2474,2774
C9974,2869
C5376,1989
C2775,2069
C8407,2813
C4003,1494
C1811,2626
C5906,2463
C4481,2444
C9235,2851
C2255,2122
C7175,2782
C7410,2853
C1625,1925
C4347,2870
C2166,2212
C2989,2555
C7073,2981
C8357,2993
C1150,2321
C9474,1835
C9037,2305
C5845,2168
C3936,1832
C1062,2789
C7093,2345
C8250,2568
C7270,1974
C2904,1685
C1154,2528
C6530,1894
C2952,3244
C3909,1756
C3402,2981
C6377,2741
C4311,2290
C7731,3539
C4743,2607
C8096,2583
C4025,2936
C1314,1766
C4497,1340
C9533,2667
C6319,3542
C9181,2789
C8517,2303
C5234,2492
C5776,2927
C2842,2229
C8342,2185
C5092,2092
C9857,3538
C7428,2501
C6118,3461
C3369,1878
C2370,2138
C1536,2755
C3776,1675
C8834,2643
C2007,1797
C9552,3005
C9518,1941
C2129,2494
C8217,2065
C4869,2534
C8104,1646
C7222,2485
C4578,2888
C8616,1664
C4704,2219
C5097,2636
C1267,1860
C7323,2058
C7007,2918
C7488,1806
C2236,1660
C2699,2791
C6818,2750
C3243,2232
C2355,2809
C6273,2605
C8068,2522
C2148,2474
C7682,2724
C6017,2319
C2469,2968
C9061,2379
C5486,3113
C3079,1589
C6889,3008
C5151,2538
C6630,1937
C1699,2507
C3118,3440
C6459,1872
C3957,2280
C3916,3209
C2714,2297
C9164,2532
C9584,2450
C1767,1636
C3625,2034
C7233,2179
C4996,2215
C1349,1827
C8609,2382
C8575,2641
C4247,2137
C7140,3220
C6636,2079
C4798,2974
C6400,2002
C5039,2992
C7867,2466
C7768,3875
C3090,2125
C5885,2448
C6677,2670
C8143,2579
C8565,2271
C1001,2073
C6271,1716
C1079,2613
C4044,2169
C2025,3980
C5782,3671
C2940,3841
C8889,2133
C3263,2621
C7084,2859
C4691,2235
C6620,2261
C1144,1525
C3729,1616
C8032,2444
C9386,2046
C3192,2712
C1707,2422
C4220,2094
C9434,1865
C4230,2133
C9449,3065
C6183,2551
C5479,2364
C8454,2164
C5702,1879
C7815,2564
C1743,2601
C4669,2084
C5994,1952
C7762,2589
C8852,3185
C6722,2304
C3784,1497
C8259,2784
C4615,2699
C3009,2025
C9545,2195
C7725,1550
C5225,2206
C6347,2304
C5125,1986
C6078,2414
C9905,2947
C7342,2732
C6813,1876
C5668,2705
C9685,3208
C8887,1735
C9758,2342
C4775,1612
C3411,2537
C7646,2340
C2734,2569
C8821,2645
C3782,2512
C9821,3324
C2117,2936
C5152,3432
C1661,2183
C6309,2026
C8190,3243
C8634,2148
C9205,1963
C6180,2548
C4257,2317
C8941,2401
C3864,2293
C4405,2410
C3550,2257
C7850,2795
C2813,2460
C5314,2481
C2065,2543
C2091,2735
C7861,3194
C9208,1693
C4164,2117
C4787,2761
C9514,2896
C3482,1924
C4919,2363
C2381,2820
C1473,1963
C6850,2749
C7773,1822
C5660,2112
C1932,3772
C6732,1964
C8949,2261
C1055,1938
C4082,1975
C6971,2634
C1119,3068
C6777,3246
C5868,2065
C8965,2032
C6405,2093
C2230,3253
C6617,2546
C8481,2092
C1086,3152
C3865,2648
C8385,1590
C4034,1753
C5137,2406
C3738,1948
C2764,2999
C7319,2129
C4267,2197
C8166,2525
C6140,2313
C5031,2732
C5339,3492
C2254,2594
C7022,2706
C4500,2190
C4180,2450
C1081,2840
C6973,2330
C4677,1700
C3513,2252
C9720,2443
C7247,2988
C5565,1704
C9421,2943
C9101,2527
C8383,2307
C5203,2371
C6807,2726
C5062,3469
C2519,2398
C2421,3076
C6573,3538
C8775,2327
C6600,1935
C5356,2800
C2465,2800
C3734,2210
C2575,3172
C6622,2961
C2733,2682
C5061,2480
C5748,2853
C9269,2348
C1290,2222
C4654,3963
C1844,3466
C6524,3209
C5870,2091
C1855,2991
C6826,2323
C1827,3122
C6500,4230
C3685,3373
C4177,2686
C9253,2101
C2233,2031
C1910,2421
C2248,2391
C9511,1051
C4564,2610
C6734,2539
C1181,2657
C6111,2517
C7803,1421
C6187,1853
C6437,1824
C9920,3048
C5583,3473
C7458,1857
C6569,2473
C3644,2064
C8157,2788
C3713,2314
C7951,2771
C6015,1832
C2512,2038
C6441,2451
C1109,1817
C9368,3513
C1723,1804
C4624,1944
C3962,2554
C3358,2060
C9849,2059
C1053,2414
C5602,2421
C9367,1627
C5850,2850
C9271,2102
C6386,3079
C5942,1991
C7982,3180
C8987,2896
C7871,3865
C9807,2573
C8278,3022
C4603,1576
C1599,2485
C1386,2877
C6641,3157
C9024,2549
C3993,2771
C6445,2748
C7332,2477
C3631,2918
C9237,1807
C4548,2271
C1618,1104
C9001,3111
C4635,2415
C3285,1975
C4377,2697
C5018,2533
C1008,3194
C2432,1861
C6852,2410
C6625,2097
C3826,2628
C8922,3699
C5344,3332
C9702,3615
C2479,2597
C1547,2103
C6788,2037
C8528,2365
C7865,2711
C1283,2698
C8376,3424
C4355,2514
C7958,1286
C1304,1415
C6921,1798
C5346,2055
C3632,2416
C9818,3035
C8214,1754
C3167,2133
C6296,2104
C5529,3087
C4705,3458
C8409,2816
C9366,1852
C2892,1874
C8402,2663
C2018,3074
C4537,3736
C1056,1457
C2298,3030
C5711,3546
C8364,2033
C4031,2595
C9310,2203
C6844,1979
C1933,2906
C9139,2370
C6242,1999
C5377,1048
C4381,1858
C4052,3339
C2765,2450
C1348,1952
C9984,2892
C5997,3007
C9551,2497
C4493,1825
C2591,2573
C2219,2516
C2568,1741
C8544,3857
C1694,2754
C2119,1773
C2543,2094
C8131,2291
C2852,2646
C7344,1711
C2252,2065
C2785,2006
C4546,2556
C1263,1976
C8314,2701
C6522,2388
C7654,2145
C2925,1625
C1157,2004
C9482,2195
C5127,2288
C6318,2304
C5891,2049
C6880,2739
C5220,2500
C6433,2822
C8919,2392
C5235,2138
C6760,4715
C4701,1153
C6336,3620
C2055,1680
C4514,2419
C2051,1931
C8420,1668
C2253,2391
C2577,3836
C1796,3062
C2970,3185
C3465,2481
C1355,2450
C5816,2255
C9638,1449
C8841,2076
C9011,3349
C8637,3617
C2782,3964
C3630,3249
C4004,1788
C5194,3779
C3780,2373
C2014,2021
C9401,2497
C1294,2034
C4724,2484
C2189,2793
C8395,3043
C2864,2734
C8034,2801
C7935,2663
C5753,2094
C3721,2180
C1629,3715
C1863,1943
C5717,2436
C7246,3589
C5435,2651
C6836,1823
C7363,3151
C7082,2594
C8699,2926
C9103,1602
C7013,2413
C8405,2273
C2921,2757
C9798,2339
C6221,4454
C9603,3337
C5703,1779
C5412,2343
C1684,2596
C5641,2806
C1249,3023
C9679,2778
C5212,2336
C4273,2713
C9176,2151
C1385,2921
C6197,1722
C4128,3342
C2964,2690
C4931,2194
C1394,2646
C1028,2108
C2838,3088
C2493,2385
C4331,2814
C4674,3215
C1876,2008
C5102,2884
C3895,2689
C4568,2167
C5627,2918
C6049,2785
C3698,2957
C1502,1540
C2683,3048
C2840,2338
C3763,2662
C7534,3202
C9858,2291
C3354,2362
C9215,2468
C5442,2437
C5661,2701
C9670,3086
C8379,2739
C3647,2739
C1768,3518
C7753,2650
C6814,3833
C9756,2793
C6194,3557
C4229,2253
C7349,2382
C9563,2778
C2482,2463
C1237,1968
C3910,2827
C6955,1762
C8264,2376
C3053,1336
C4954,1861
C8204,1790
C3432,3529
C8658,2848
C1839,2518
C4199,2236
C9886,2116
C3955,2243
C4318,2390
C2336,2598
C6495,2679
C3858,3215
C7214,3184
C1433,1550
C3066,3185
C1915,1919
C7705,2566
C9673,3139
C1521,2309
C9165,2547
C1041,3169
C1801,2694
C9863,2509
C1582,3816
C7261,2622
C5183,1962
C4616,2276
C3911,2170
C9162,2098
C6238,2121
C9099,2930
C5054,2590
C6980,2488
C2158,2676
C3440,2621
C5578,2419
C5179,2286
C4965,1958
C2826,3016
C9006,3108
C2267,2131
C8998,2809
C9170,1649
C6113,1762
C9598,3253
C4763,2662
C8748,2866
C3422,3282
C5178,2524
C6736,3114
C3185,2295
C4551,2505
C8896,2977
C3209,3399
C8643,2770
C2882,2146
C2861,2509
C5492,2579
C4316,2629
C6570,2107
C4386,2131
C5381,1783
C6912,3490
C4528,3176
C2043,3210
C8427,2485
C2293,2461
C1595,2233
C9185,1830
C9458,2731
C5494,1976
C6112,2106
C9057,2054
C7401,2310
C6529,2524
C3779,2605
C6718,2231
C9576,2454
C5560,3047
C5976,2024
C5571,2837
C2629,2474
C3831,3091
C2673,3006
C6653,2780
C6731,2496
C9625,1648
C3156,2319
C9515,2656
C7063,3208
C7086,2551
C3821,1737
C1631,2951
C6542,3170
C9769,2838
C7006,2121
C7570,3150
C3851,2910
C3538,1616
C5487,3222
C2302,2680
C1686,2635
C8174,3189
C6928,3318
C2962,1930
C3019,1721
C2392,1893
C2180,3285
C8382,2343
C9450,3337
C6587,2608
C3162,2158
C7495,3688
C4097,2517
C7911,2045
C5100,2368
C6152,2439
C8791,2674
C7714,2513
C8589,2335
C2193,2610
C3870,1993
C7518,2243
C3197,2578
C3159,3180
C6168,2420
C7893,1419
C4065,1644
C4190,2957
C1891,2719
C7778,3467
C3528,2423
C9707,2146
C3898,2309
C3532,2786
C2494,2606
C8087,2636
C8404,1193
C1961,2094
C4734,3448
C6954,2111
C5935,2824
C8856,2356
C4934,2917
C3690,2153
C5116,2514
C1797,2396
C2923,3552
C4485,2729
C8511,2478
C6331,1979
C8189,1985
C5389,2283
C4492,3357
C9212,3519
C5370,2558
C8482,3001
C3258,1401
C6429,3018
C9520,2059
C6898,2237
C2999,3583
C8617,2877
C1591,1961
C8818,2330
C5715,2194
C5957,1945
C2092,2038
C3669,2410
C3492,2638
C8705,3101
C9430,2407
C9275,2470
C8898,1997
C6185,3145
C4340,2638
C7874,2121
C3277,1590
C7616,2819
C1674,2146
C2364,2875
C7896,3004
C7406,2259
C9726,2261
C7436,2651
C2362,3193
C6959,2713
C6689,2984
C2827,2750
C4917,2320
C3352,2236
C8749,2146
C5806,2624
C9412,2938
C4530,2736
C2656,3000
C5162,2957
C2317,1998
C7906,2371
C4155,1936
C4607,1911
C8091,2114
C4116,1848
C4751,3609
C2526,1991
C8698,2510
C4586,1264
C5914,2450
C3344,2056
C7700,2169
C6325,2919
C1889,1577
C6466,3328
C2638,1854
C9913,2119
C3180,1730
C9373,3168
C8672,2125
C7592,2090
C9782,2525
C3756,2701
C5460,1442
C1336,2953
C1627,2919
C2603,2382
C3181,2480
C2390,2513
C2387,2867
C1535,2468
C3451,2349
C6665,3422
C3365,3133
C3676,2427
C4843,3010
C1792,2526
C5859,2543
C2781,2326
C5742,2193
C7109,2017
C9787,3047
C6612,2673
C8985,2628
C2665,2476
C4569,1743
C4173,3189
C7076,2850
C3817,2039
C8257,3145
C1187,2294
C6902,3256
C1004,1582
C8366,2356
C8871,2057
C1753,2236
C1824,3488
C6132,1767
C6786,2278
C8876,2841
C3710,2424
C7722,2606
C6268,1575
C1146,3194
C9136,3520
C5652,2879
C2606,2426
C2798,2035
C4188,2795
C8128,2679
C1058,2676
C4631,2632
C2938,2599
C7434,2197
C5673,2366
C9700,3570
C2505,2892
C6332,3552
C2688,1595
C2195,2447
C6096,2630
C1169,2327
C9925,2818
C7206,2374
C8903,3241
C2366,2046
C5716,1913
C5004,2312
C2816,2333
C2584,2055
C4666,2512
C4765,2480
C8551,2428
C1461,1916
C1318,2780
C4989,2287
C3806,2288
C5777,2024
C9193,2806
C7445,2583
C1345,2515
C9389,2005
C2418,2617
C9213,2346
C5827,1615
C6398,2962
C5096,3197
C6320,3270
C6177,1500
C3404,2059
C7806,2166
C1903,2759
C4474,2735
C7673,1538
C3039,2577
C1256,3474
C2547,2289
C7285,2316
C7711,3165
C8008,2759
C9543,1731
C1726,2064
C5805,1912
C5504,2137
C8367,1872
C2234,2061
C3460,2193
C6261,2721
C6195,2296
C3481,2871
C4750,2566
C7913,1576
C8029,2134
C8676,1604
C3333,3731
C3954,2068
C6945,2502
C3636,2989
C5775,3152
C9033,3059
C8362,2669
C7334,2605
C7688,2862
C9335,2486
C8772,1798
C9425,2586
C1780,1883
C1388,2126
C2689,2714
C9570,1911
C6300,3055
C6571,1973
C9343,2586
C5264,2149
C9701,1988
C2168,2650
C6787,2900
C5749,2724
C8147,2945
C8916,2144
C2524,3706
C3982,2566
C2422,3020
C2402,2917
C7647,3383
C4236,2300
C7307,1953
C6477,2905
C6150,2666
C6114,2793
C3136,3417
C8135,2612
C1806,3123
C6670,2147
C7127,3377
C2488,2372
C6310,3248
C2823,2277
C5854,3469
C3554,2396
C6054,1976
C3331,2625
C5662,2616
C1450,2987
C2639,2105
C7750,3410
C5838,2604
C8652,1833
C5237,2388
C3446,1974
C8759,4296
C3507,2018
C2222,2817
C3559,2406
C3204,2121
C4478,1680
C9556,3591
C7820,2054
C6517,1995
C9626,2409
C3383,2502
C7939,2677
C3641,4448
C9297,2241
C8552,2071
C7784,1907
C2311,2534
C2167,2186
C9528,2346
C4610,2789
C8323,2376
C5584,1786
C4957,3191
C6068,2193
C1660,2871
C7938,2091
C8294,3114
C7049,3983
C1193,3515
C4803,1774
C4914,2841
C5951,4186
C9219,1886
C8421,1905
C2453,2356
C8451,2581
C2593,2665
C8812,3193
C8349,2116
C3597,2186
C5267,2341
C9392,2467
C1280,2633
C1728,2466
C1341,3182
C2417,2586
C3938,2674
C7957,3354
C5704,2362
C6964,1822
C8244,2377
C1468,2556
C6750,3429
C6281,2852
C8074,1672
C2258,2403
C8327,1787
C5499,2889
C8084,2486
C3883,2328
C9884,1558
C4554,1955
C6108,3338
C4936,3632
C6709,3736
C2627,2247
C1998,3091
C5944,2682
C1051,1708
C7501,2536
C2405,1749
C7936,1453
C2847,2638
C5820,3005
C7888,2468
C7197,1807
C5893,2206
C5260,2260
C7244,2168
C5033,2956
C5231,2466
C4768,2415
C5726,2928
C6556,2515
C1527,2045
C3728,2335
C3337,2426
C3585,3245
C4194,1986
C5856,3795
C4371,2971
C4580,2562
C4722,2617
C8764,2763
C5842,2963
C6685,2386
C4638,2034
C6992,1682
C7542,2267
C7446,2370
C7811,3233
C2319,2375
C1312,2050
C8745,1205
C3170,1860
C6003,3254
C2946,3353
C6339,3293
C7226,3464
C5992,2538
C1568,2136
C9833,2445
C7107,1968
C6410,2556
C9559,2293
C5438,2301
C1204,3047
C3083,3053
C6897,3030
C2217,3621
C2713,2283
C8335,2234
C5543,2937
C1646,2070
C7137,2914
C2735,3100
C6468,2775
C8256,2567
C3472,2076
C2889,2349
C5002,2421
C4709,2881
C2056,1507
C9448,2734
C4100,2639
C6351,2871
C1179,3198
C5014,2650
C7953,2508
C6275,4448
C3566,2429
C8109,2352
C7652,2222
C1291,2776
C7278,2004
C1293,2619
C8555,2867
C8331,2784
C9353,2968
C9928,2140
C7158,1976
C3158,1495
C2915,2361
C5299,2144
C8282,2997
C2809,2222
C8525,1880
C1964,2749
C4162,2978
C2209,2854
C4009,2731
C2153,3309
C6161,3201
C5095,1502
C6977,3305
C5085,2924
C5086,3371
C6795,1873
C5449,2385
C3807,3057
C7237,2423
C7952,2089
C2284,2250
C4357,2281
C2328,3061
C1344,2062
C4629,2945
C8915,2170
C6996,2450
C4174,1994
C4329,2510
C8860,1026
C8636,2045
C3726,2584
C9076,3612
C3268,2981
C5642,2387
C7078,3067
C7484,2692
C4746,2747
C8152,2922
C2685,2840
C7677,2075
C8554,2648
C3257,3238
C2480,2634
C4310,2773
C3290,2182
C5907,2276
C4832,4875
C1635,1828
C8252,2574
C6561,2221
C5276,2453
C4465,1982
C4486,1654
C6458,3379
C3635,2524
C2583,2408
C9039,3351
C6662,2022
C8746,2896
C7108,2165
C4784,2381
C5509,2596
C2386,2440
C7421,2790
C4244,1909
C6771,2338
C7255,1976
C3286,2989
C9548,2420
C3715,1874
C9578,2689
C2046,2148
C1497,1642
C4251,3681
C2951,1342
C8253,2750
C3790,2450
C2149,3530
C6583,3248
C4078,2671
C6909,2310
C1835,3047
C8365,3107
C8790,3034
C4365,1852
C1942,2555
C5841,2596
C3810,2126
C1551,1828
C2063,2950
C6598,2989
C2541,1861
C9923,1856
C2837,3897
C7971,2152
C6050,2236
C3059,2639
C4135,2483
C7877,2716
C5656,2396
C7171,1437
C6203,3099
C6124,1699
C6328,2229
C1510,2350
C6487,2741
C6486,3060
C8605,3079
C2569,3007
C2697,2478
C1007,2619
C6423,1888
C6733,1858
C5397,2371
C1054,2377
C2136,2070
C4565,3375
C6942,1931
C2605,2741
C5921,1836
C3254,2232
C6632,2198
C5925,2191
C2934,3694
C4912,2405
C7644,2648
C2337,2642
C7849,3044
C5309,2244
C4366,2147
C2621,3261
C8018,2652
C8734,2280
C2896,1957
C3542,1776
C1319,1901
C5144,3782
C6917,3172
C8677,1881
C1155,2729
C8121,1827
C1904,2077
C5348,2076
C2250,2666
C7472,2557
C3063,2687
C3237,2964
C3191,3320
C2841,1453
C5244,3576
C6070,2339
C9868,2142
C5027,1854
C5696,1177
C5303,3225
C4579,3154
C1653,1792
C4402,2231
C4417,2462
C5188,2684
C9672,3024
C9793,2662
C7552,2573
C6870,2309
C1338,1983
C5500,2959
C2552,3359
C3298,1721
C8078,2434
C4799,2362
C8492,2923
C7065,1944
C9589,2873
C7456,2533
C1800,1582
C7572,2497
C4181,2473
C5072,2291
C9285,2194
C3232,1730
C6158,3028
C7992,3201
C3770,1846
C8142,3020
C8947,1129
C8441,1978
C4886,2279
C7799,3009
C4219,2760
C4157,3264
C4307,3273
C1650,3488
C3395,4186
C4255,2172
C8026,3186
C6444,3218
C3461,3420
C1241,1475
C7821,2007
C8233,2951
C5020,2206
C9542,3298
C9119,2647
C4172,2250
C3706,2777
C3498,3118
C2429,2524
C6260,2264
C6972,2985
C3516,3048
C4556,2443
C1178,2278
C9836,2098
C1487,1064
C1027,3111
C1607,2097
C8855,2281
C6435,3003
C7924,1578
C7033,3060
C6764,1828
C4410,2741
C1374,3224
C8980,2674
C2029,2586
C1883,3297
C2345,1226
C8333,3235
C1531,2727
C3517,3431
C7966,2621
C7608,2928
C8996,2420
C4692,1604
C4079,4028
C7730,1675
C3802,2397
C6378,1464
C5524,2864
C4856,1998
C4683,1796
C7776,2390
C3271,2032
C6488,3273
C8894,2028
C9647,1820
C8735,2310
C1799,2578
C4745,2241
C8260,3594
C8702,2589
C8725,1959
C3629,2914
C6452,2254
C6957,2675
C2520,2772
C9566,2090
C5473,3968
C7336,2441
C6315,3136
C4926,3403
C7227,1695
C6901,2951
C8626,1780
C2227,3094
C6520,2856
C7191,2249
C9751,2518
C4184,3418
C1366,2526
C8082,3287
C8215,1625
C7144,2318
C8549,2465
C8129,3332
C9446,1868
C1229,2817
C4057,2225
C6790,2777
C1339,2773
C6395,2946
C1610,2462
C1402,2582
C1247,2470
C3366,2046
C7207,2487
C4477,2907
C4736,2607
C5324,2380
C3991,1793
C2035,1995
C7130,2314
C3293,1796
C6093,2299
C8606,2350
C6340,2706
C2844,2515
C2918,1767
C8619,2717
C1277,2536
C7613,2169
C6932,2340
C3571,2473
C2835,1895
C4850,2738
C3589,2592
C5168,3345
C8496,2857
C7610,2026
C6545,2254
C7853,2779
C3681,2579
C5038,1481
C1236,1926
C9976,890
C3473,2843
C4809,1844
C6102,1826
C2815,2786
C8317,2632
C5454,1728
C5953,1786
C4051,2116
C6493,1747
C3145,2620
C8272,2298
C2115,2713
C8494,2815
C7538,2336
C3592,3066
C3296,2377
C7660,2416
C8921,2975
C9397,2896
C8598,2416
C1039,1445
C4459,2836
C4585,2089
C4538,2677
C4801,2191
C6613,1733
C1564,3062
C5863,1709
C2373,2836
C5563,2827
C4867,2132
C6237,2633
C4339,2596
C6043,2558
C3108,2290
C5869,3642
C5364,2381
C2312,2612
C5770,2446
C9655,1868
C9549,2641
C1968,2535
C1673,2268
C8550,2472
C8309,1815
C7143,1970
C4826,2050
C7993,3112
C1981,2198
C7932,2168
C6286,3031
C3347,2376
C7808,2833
C8601,2717
C1415,2232
C4992,2489
C5360,2623
C9328,2659
C9319,1660
C6757,2568
C7841,2612
C2356,2810
C7770,2015
C4994,2495
C3595,2712
C3313,1260
C7056,2546
C6498,1833
C4553,2912
C8246,2309
C3089,3308
C2499,3063
C8901,1294
C9735,2386
C6058,2897
C4811,2216
C7099,2242
C1398,2775
C6361,2333
C2221,3259
C6217,2843
C4196,2238
C4512,2004
C3179,3186
C1530,2458
C1403,2679
C3816,3186
C6393,2594
C4246,2934
C9289,2610
C6164,2352
C3869,2289
C8245,2823
C1592,1429
C9284,2995
C3757,2925
C3815,1714
C6279,2880
C1228,3367
C5023,1995
C6010,1932
C1639,2587
C6581,2374
C8620,2682
C6537,2567
C1956,1750
C6658,2235
C6638,2700
C4475,2912
C3772,2202
C3828,2564
C9633,1807
C9837,2720
C3284,3913
C4710,1928
C1022,2655
C1687,2517
C6770,2876
C2686,2342
C2528,2340
C2565,2347
C8864,3093
C6179,1814
C5853,2384
C5070,2701
C5744,2584
C3730,3479
C6840,1460
C1906,2802
C2922,2096
C2306,2426
C1475,1828
C4056,2197
C2174,2955
C5546,1683
C1537,2934
C2071,1643
C1094,2984
C4028,3011
C7170,2228
C6022,3041
C3292,2394
C5530,1801
C9996,1858
C6876,2527
C9184,2974
C5415,2310
C8292,2668
C4762,2585
C6827,2039
C1082,2383
C3522,2861
C8792,3109
C1025,1784
C9723,3029
C8293,2020
C8951,3690
C5135,2763
C9912,2265
C2468,2940
C2394,2103
C3294,2312
C8736,2066
C7045,2411
C4841,1886
C9564,2173
C9585,1870
C2620,2296
C9337,2505
C4121,2554
C1206,2732
C7067,2268
C4696,1809
C4605,2313
C8771,2478
C6235,1336
C8059,2305
C7353,3104
C7554,2258
C2076,3335
C9105,1746
C5883,1650
C1380,2345
C4807,1819
C9032,1822
C5768,2401
C5947,2415
C2604,3045
C9307,2834
C7974,2539
C4853,2501
C5129,2544
C3221,2268
C4805,1744
C8712,3649
C6993,2417
C2522,2473
C3520,2559
C1214,2729
C8700,1931
C6381,1672
C9243,2568
C9946,1650
C9764,2564
C9739,2440
C8992,2772
C2973,2136
C3971,2161
C4198,2971
C2653,3438
C2247,1916
C5108,2829
C4837,2865
C8486,2394
C3739,3094
C9834,2452
C5915,1180
C6062,1528
C9273,1625
C1869,2738
C7422,2611
C1078,2187
C1645,2410
C2949,2249
C6389,2465
C7125,1608
C1731,2897
C7997,3452
C8437,2706
C9558,1797
C1478,3032
C2315,2225
C4719,2242
C3421,2959
C3494,3214
C9931,1348
C7277,2875
C9016,2111
C4620,3680
C7632,2576
C6627,3044
C4557,2340
C2471,2258
C4893,1693
C2186,3068
C1838,2705
C3575,1842
C6159,1416
C3418,2171
C4370,2000
C4820,3618
C5804,2026
C6935,1967
C2288,2624
C7540,2725
C4011,2670
C8480,3220
C8656,2446
C9934,1996
C9759,2407
C8445,1711
C9860,2246
C8650,2172
C8372,2145
C9623,2507
C3030,1649
C4148,2025
C5905,3727
C2747,2967
C8194,1978
C9097,1930
C9614,2492
C2635,3060
C7609,3436
C6299,2987
C6797,2207
C6353,1557
C3398,1405
C1722,2898
C5959,1974
C1139,3252
C7627,1694
C8688,2412
C7165,2303
C1886,1402
C4400,1627
C5774,2686
C2590,1700
C9594,2934
C8100,2321
C3034,2722
C7881,2458
C3088,2873
C8868,2522
C5665,1460
C9620,2654
C1183,2522
C3300,2877
C4085,2251
C6089,1913
C4089,2464
C2596,1617
C3992,3053
C7122,1815
C4813,2334
C9355,2035
C8198,2570
C1664,2811
C6938,2528
C4680,2555
C2935,2214
C5380,3288
C6357,1309
C6834,2164
C7133,1886
C8203,3152
C9258,2131
C5293,3226
C5980,2925
C8501,2429
C9145,2791
C7607,2078
C4476,2411
C5678,2207
C1012,3035
C2787,2744
C9169,3120
C3621,2150
C1988,3101
C9639,2606
C2070,2388
C9526,3130
C7168,2667
C1253,2403
C6018,2615
C3994,2041
C5337,2224
C8153,2822
C6166,1742
C1890,3053
C8507,2553
C1295,2946
C1927,2096
C7943,2826
C4309,2680
C5692,2446
C5210,1826
C2101,2634
C4030,2300
C2464,2350
C7708,3163
C2363,2719
C4967,2381
C5326,1522
C7163,2033
C8811,2464
C6601,3244
C4619,1931
C3244,3184
C5833,1989
C6511,2473
C5908,2092
C7915,1460
C6911,2188
C1411,2572
C5379,2157
C9873,2147
C4378,2466
C3111,2328
C7606,2003
C5945,2865
C8924,3126
C3931,2364
C3539,2435
C6176,2293
C5423,1596
C4304,3358
C2470,2476
C8028,2486
C4455,3113
C9796,3177
C8596,3708
C2708,2755
C2106,2513
C6781,2367
C1205,2666
C2310,1838
C4013,2483
C7959,1507
C5190,2298
C2958,3867
C8613,2501
C2159,3192
C7890,2381
C1330,2338
C6098,1868
C4091,2808
C6414,3003
C2269,1853
C5982,3202
C9177,2202
C7044,2664
C1825,3271
C2239,2163
C1616,2069
C3080,3414
C6565,2861
C7852,2981
C8886,3659
C7450,2624
C7089,2209
C8793,3510
C6564,2713
C8545,2592
C9134,1964
C7358,2239
C2273,2563
C2083,3111
C6855,2241
C1302,2542
C4380,2611
C5246,2895
C5625,2361
C4012,3107
C5094,1305
C2175,2706
C6004,2635
C9063,3406
C6494,2240
C2397,2413
C8504,3142
C4185,2534
C6009,3274
C1931,3506
C4960,2433
C4833,3350
C7757,2789
C5503,2147
C7297,3438
C1434,2570
C2486,1726
C4080,3629
C6615,2633
C5534,2125
C7805,2480
C3114,2733
C3833,2339
C2690,1988
C7779,2532
C7668,2705
C2181,2773
C2658,2863
C6505,3587
C3183,2187
C2154,2822
C9453,2594
C3155,2595
C2439,3273
C9935,2860
C5818,2841
C2004,2068
C2762,1817
C5590,2300
C6333,2167
C3020,2738
C6370,2132
C7919,2927
C2077,2764
C5166,1193
C8325,3668
C4816,2031
C4573,2653
C4609,2428
C5828,2076
C8324,1934
C1807,3766
C5631,2320
C1971,2867
C9279,3457
C8770,3270
C2987,2182
C7294,2912
C5319,2678
C1315,2441
C9695,2349
C9669,1653
C7096,1458
C7301,1999
C3906,1600
C9797,2284
C7494,2724
C9029,2373
C6026,2658
C9059,2612
C7050,2607
C4134,1061
C3880,2563
C4715,2477
C6655,2951
C2654,2978
C4906,2872
C2061,2532
C3008,3092
C2750,2761
C1528,1996
C3964,2821
C2745,2257
C3269,2619
C4139,2209
C7448,2784
C7376,2580
C9152,2469
C1718,2318
C5126,1561
C8076,2125
C3692,2336
C1390,2204
C7465,2212
C3998,2790
C5558,2259
C1851,2614
C8062,2618
C9455,1815
C3511,2667
C8352,3093
C7802,2089
C7178,2861
C1223,2487
C9540,1961
C8373,1736
C7961,1910
C1555,2043
C4630,2146
C7901,3345
C4993,2227
C9870,2223
C4160,2582
C4938,2035
C8509,1932
C9650,2983
C3988,2116
C3875,2847
C9291,2215
C7676,1904
C4563,2639
C8819,2308
C2424,2862
C6647,1809
C9606,2399
C8844,3891
C4873,2620
C1378,2375
C6479,1754
C9114,2811
C7005,1227
C2135,1579
C8042,2380
C8161,3859
C8940,2958
C7368,4058
C5424,2574
C3958,2460
C3431,1878
C7561,3840
C3052,1994
C3704,2176
C2523,2209
C5802,2101
C8502,2568
C1702,1572
C4315,2940
C8801,2655
C1679,2428
C8423,2616
C2447,3260
C1865,2017
C1421,2335
C7476,2352
C2329,2511
C6751,2829
C6071,2633
C5146,3130
C3484,2216
C6659,1763
C3801,2311
C8220,2476
C4016,2846
C8836,2818
C2916,3382
C6541,2374
C4678,2574
C6313,2976
C3391,2292
C3871,2908
C4703,2953
C8742,2001
C7962,2839
C1719,2558
C7635,2821
C1123,3396
C9510,2132
C4685,2542
C9703,2613
C8766,1984
C2769,1586
C5564,1313
C1261,3779
C8467,2380
C9855,2873
C8044,3456
C7400,2170
C5025,1792
C5674,2266
C6798,2109
C7405,2294
C8908,2410
C6453,2633
C6028,2817
C6234,2511
C7112,2696
C8918,3450
C2314,2180
C4759,2821
C8428,2611
C2059,2577
C2104,2241
C8891,2075
C4221,2777
C5916,3419
C6987,2200
C5207,2583
C3095,3002
C4827,2402
C5124,1627
C5295,3018
C4005,2449
C1335,3286
C7059,2631
C9377,2894
C8450,3033
C1326,1866
C7423,2480
C3433,2791
C8695,2708
C7419,2025
C2885,3470
C1217,2552
C4648,3798
C2997,1927
C8964,1485
C1397,2206
C7196,2453
C5251,2619
C9120,3329
C1782,2384
C1233,2696
C6925,2424
C4955,2506
C9348,2513
C8025,2776
C1866,2676
C5407,3824
C4828,3665
C8763,2941
C1191,2618
C5451,2596
C8955,1998
C6910,2856
C9582,2141
C5355,3475
C6006,2649
C9092,2642
C7845,2358
C5378,1999
C3196,2547
C8513,3511
C8089,3017
C2257,1951
C8900,2208
C7605,2179
C1418,1772
C1874,2804
C1620,3166
C4777,2619
C1678,3024
C7203,2007
C8211,2840
C3260,2981
C4732,3096
C2941,3619
C8458,2334
C9216,1767
C5825,2974
C9417,2011
C1772,2100
C3448,3928
C5549,1918
C6272,2529
C6330,2271
C2008,2774
C8993,2951
C6769,2472
C8577,2404
C4785,1848
C1188,2883
C8334,1688
C3755,2443
C8988,3113
C1441,3578
C9525,1396
C1841,2205
C6728,2248
C2391,1601
C9108,2586
C6763,3092
C2509,2447
C8721,3021
C9632,2793
C6948,3414
C4688,2676
C9653,2376
C5985,1817
C7530,2773
C4788,1923
C9839,1546
C7989,2389
C3374,2240
C8561,3099
C3639,4085
C6890,3091
C1303,2197
C4613,2534
C1765,2582
C4693,2624
C8102,2712
C8072,1317
C8164,3761
C1580,3411
C3430,3784
C8318,2133
C1311,2860
C5390,1856
C4113,1972
C9042,3139
C8449,2725
C4618,3548
C3195,2352
C4584,2278
C7674,2820
C2015,1739
C7954,1522
C8553,2245
C3408,2328
C5455,1580
C8548,2288
C9041,2483
C3648,2457
C4896,2645
C8328,2455
C8883,2388
C5895,3056
C3123,2908
C6035,2252
C9973,2494
C1317,2356
C6291,2769
C7478,2688
C4652,2004
C7670,3323
C4109,2244
C5140,2135
C3731,2865
C3215,2608
C8674,1690
C2540,2787
C2897,2316
C9403,2546
C3908,1213
C3967,2206
C1084,1944
C7651,2970
C6446,2047
C1816,2171
C9665,2708
C2143,2287
C3850,2761
C8671,3107
C1563,2345
C7739,1711
C7397,2389
C3356,3651
C6304,3419
C2011,2589
C2308,2132
C3319,1885
C5807,2495
C5012,2376
C3609,2784
C1928,2053
C8939,2151
C9611,1723
C1517,2224
C2245,2550
C3148,2026
C6245,2379
C5441,3119
C4178,1568
C1715,2656
C3018,2130
C5912,2414
C4319,2296
C8615,2308
C7817,2848
C9547,2583
C4684,2279
C7145,2529
C3087,1478
C8083,3412
C6531,1974
C3239,2169
C6611,1485
C1761,3558
C1936,2074
C7645,2837
C2945,2729
C5691,2646
C9952,1962
C5796,3760
C8526,2459
C8391,2518
C1676,2939
C5575,1888
C6618,1482
C3699,2844
C7348,2361
C7634,2003
C5167,1774
C8201,2172
C4233,3258
C8183,1521
C8399,2312
C5049,2160
C6651,2475
C1243,2195
C5281,3050
C5277,2875
C1457,2494
C7515,2007
C5628,2454
C7273,2924
C6801,2694
C5253,1565
C7152,1414
C3543,2819
C9500,1728
C1667,2598
C8005,3386
C7161,3703
C8361,2350
C6424,2430
C3689,2876
C2730,2435
C8466,1542
C6896,2243
C9475,2763
C8229,2886
C4452,2352
C6968,2186
C5107,3012
C3504,2395
C9107,2409
C1463,1288
C2797,2386
C5663,3554
C7837,2819
C3837,2070
C8136,1720
C1831,2902
C6904,2142
C3569,2438
C1140,3569
C8995,1946
C4401,3277
C9521,3701
C6097,2974
C2871,3089
C3841,3108
C1763,3268
C7695,1518
C1340,3059
C8330,2538
C8909,1780
C5372,3202
C2283,925
C3549,2354
C4243,2457
C7672,2630
C8124,1967
C3867,2658
C1850,1928
C8430,2431
C3892,3712
C5995,2675
C1135,3035
C7822,2804
C2833,2666
C2010,2807
C2851,2696
C5521,3215
C7602,1900
C6246,2130
C7296,2778
C7398,2703
C5823,2179
C5952,2325
C6544,3488
C4671,3610
C7748,2210
C4995,2369
C3130,3062
C8542,2031
C3043,1896
C2601,2813
C7767,2019
C8267,2652
C5437,3022
C5699,2024
C2793,1954
C1446,1988
C6099,2438
C9044,2382
C9967,2021
C7047,2725
C8130,2908
C1423,3213
C1009,3325
C2849,2171
C9532,2470
C6135,2942
C8415,2219
C1681,3528
C8959,2525
C8023,2100
C6467,2138
C1132,3645
C9004,1735
C5707,1585
C4281,3081
C4123,2162
C9239,4035
C2564,2140
C2588,1880
C8261,2403
C6267,1991
C7491,2646
C7053,1956
C8134,1998
C6986,2858
C4859,3267
C4358,3520
C5632,1791
C1210,2723
C2634,2035
C8804,2215
C4511,2735
C2641,1975
C6457,3102
C1376,2855
C5700,2575
C3236,3254
C1916,2561
C2996,1628
C3301,1354
C9734,1959
C1320,2790
C9249,2630
C2681,2758
C8375,3554
C7965,2252
C6553,2122
C4275,2450
C8665,2793
C5610,3405
C2718,2372
C2082,3123
C9222,1652
C2592,2692
C2384,1524
C1347,3070
C9968,2788
C1518,2379
C1226,2026
C8432,1979
C5545,2657
C7814,1578
C6849,1948
C5650,1844
C7902,3969
C4282,2952
C4771,2149
C6691,2957
C9395,2763
C9161,1858
C9866,2202
C6053,2468
C2246,1358
C4890,2734
C3674,2734
C5506,2878
C8066,2639
C2448,2942
C2280,2819
C7631,3312
C4343,2651
C2179,2406
C8622,2103
C4862,2036
C6181,2105
C6783,2686
C6538,2620
C9694,2592
C3572,2074
C1121,2992
C2651,3291
C5115,2554
C7356,1940
C3377,2482
C9656,2352
C2976,2802
C6747,3640
C4249,1556
C8865,2213
C3328,4187
C5330,2550
C2436,2762
C7267,2183
C5111,2258
C4077,3068
C6694,1677
C3382,3573
C1652,2931
C9117,2798
C2194,2318
C6461,2518
C3567,2770
C3113,3428
C3732,1246
C2294,2346
C6831,1457
C4739,2102
C9246,2864
C2113,2508
C9410,2981
C6374,2344
C6008,2188
C4084,2445
C8975,2181
C5771,1913
C7097,2039
C8388,2590
C6409,2444
C6128,3467
C7588,2251
C7795,2060
C8942,2170
C3688,1977
C7788,2037
C6674,1520
C6352,3259
C8295,1416
C3302,2937
C3321,2235
C6609,2705
C6149,2017
C5491,3202
C5647,1798
C3599,3219
C2223,2037
C1708,2603
C4637,2462
C1342,2023
C3751,2284
C9742,2297
C4948,2076
C6130,2114
C2003,2829
C5015,2057
C4988,3467
C1306,2474
C9147,2276
C6251,2303
C7264,2733
C9293,3186
C2860,2250
C4558,1958
C9492,3152
C4733,3073
C1896,2407
C7289,1530
C5557,2547
C7575,2408
C3168,2047
C6343,1737
C1862,3308
C9909,1860
C9615,2117
C4730,2218
C6090,2515
C9295,2227
C7218,3254
C1567,1688
C8858,2676
C1720,2350
C2513,1570
C9045,2418
C1666,3778
C1923,2485
C1040,3036
C6282,3060
C1024,2467
C3618,3050
C6536,1804
C8505,2091
C3727,3420
C3279,3370
C2894,2532
C1245,2540
C2863,2963
C9090,1945
C5466,2366
C2984,2235
C3406,2495
C1407,2260
C7381,2456
C1384,3533
C8754,1766
C3249,2603
C3640,2760
C8607,2341
C8442,2712
C5722,3443
C9546,5650
C3442,1143
C3509,2829
C6686,2555
C2554,3838
C4026,2912
C6873,2408
C1713,2233
C3884,2450
C9499,2427
C3534,2343
C4416,2740
C5214,3411
C7807,2641
C7149,2631
C2937,1550
C2723,2878
C3587,2355
C9947,2723
C6338,2151
C3605,3864
C4987,3041
C3175,2219
C4966,2223
C2145,2813
C3503,3232
C3012,3117
C9987,3125
C4810,2476
C7519,2253
C1489,3306
C4345,1924
C7669,2705
C9969,2288
C8384,2718
C5876,2245
C4921,2523
C1562,2399
C2050,3363
C8268,2718
C2818,1987
C1476,2562
C3795,2201
C8726,2422
C7623,2751
C5797,2286
C6705,2008
C3419,2267
C4944,3496
C9917,2370
C2032,1896
C3843,1744
C7306,3166
C3628,2609
C7879,2449
C9318,2497
C1101,3029
C7781,1486
C2034,2226
C7291,1243
C6956,2167
C4845,2665
C1356,2437
C9303,1881
C1967,3625
C6602,1934
C8653,2099
C9065,2325
C1382,2944
C2939,2131
C1073,2061
C2407,2146
C8827,1624
C1416,2546
C8195,2580
C4808,1748
C4776,3022
C7846,3127
C6532,2520
C5573,2121
C4731,2177
C2560,1462
C4523,1754
C1995,3180
C2226,2881
C2854,2609
C5483,1866
C1281,3473
C4682,3047
C8270,2544
C8310,3014
C1334,3011
C4108,2204
C3062,2282
C2121,2053
C5026,3066
C7430,1610
C5083,1743
C8447,2089
C7639,3512
C1299,2295
C5975,3188
C7749,2494
C8640,3524
C3251,2715
C8707,2421
C9800,2159
C9641,2987
C9278,4017
C4344,1670
C9132,2072
C9217,1794
C5362,2079
C7429,2439
C2812,2272
C3769,2463
C3026,2024
C2644,2368
C6824,1798
C9262,2227
C2907,2526
C9662,1710
C6526,3605
C3153,2190
C8003,2831
C1857,2964
C6785,4379
C9814,1311
C2788,2130
C6184,1994
C4778,1238
C3918,2865
C8911,2648
C9508,2068
C2608,2152
C5131,2318
C9345,1796
C7693,2261
C6540,3039
C5569,1757
C5867,2862
C5256,2541
C4834,1540
C8670,3237
C3250,2076
C1553,1973
C9476,1957
C3332,3258
C8413,2354
C5093,2363
C7242,1749
C8515,3060
C2770,2743
C1440,2155
C2691,2070
C7028,2023
C8465,2641
C6848,2333
C3045,2274
C3076,2046
C4214,3772
C6061,2278
C5289,2466
C9470,2793
C9142,3553
C9457,2056
C4903,2259
C7875,2318
C8875,2909
C8809,2474
C5729,1647
C3403,2118
C5034,2188
C3953,2076
C2068,3760
C4300,2066
C2679,1976
C1659,2355
C2144,2500
C1333,2610
C2628,3227
C9102,2678
C3386,1958
C1603,2685
C8723,2735
C7253,2633
C8783,2618
C6739,2477
C6825,2513
C7081,2163
C7002,2095
C1116,2659
C8389,1106
C3863,3120
C2510,2602
C5291,2013
C5028,2653
C7298,2879
C4871,1859
C3714,1822
C2859,2968
C8789,1049
C8491,2865
C1000,2202
C6603,2042
C6143,2304
C6107,2960
C5790,3070
C2137,1985
C3177,2458
C3490,1868
C5464,3091
C7751,2530
C6365,2938
C5706,2987
C5204,2259
C8148,2083
C4822,1911
C2516,2518
C5275,3119
C7092,2177
C1560,2623
C7512,2040
C1373,3668
C6634,2332
C9699,2536
C5983,2947
C3506,1319
C1596,3406
C7160,2473
C6963,2669
C4608,2274
C9747,2928
C8202,1899
C7612,3422
C2736,2446
C8500,3861
C7470,1385
C6976,1846
C1460,1701
C3469,2491
C8468,2775
C4153,2943
C2278,1984
C3350,1989
C8649,2402
C1313,1831
C8994,2107
C1091,2396
C7986,2729
C8444,2054
C5209,2765
C8200,2371
C1739,2532
C9600,3261
C1425,2303
C9927,2352
C1794,2160
C1745,2575
C9035,2675
C4972,2204
C6014,2697
C9341,3273
C8639,3086
C7597,2028
C7026,3204
C3891,1935
C9007,3837
C8593,1811
C6155,2875
C3762,1801
C6756,2428
C3147,2043
C9445,2042
C9916,1715
C4599,2301
C4308,2744
C1590,2042
C2731,2386
C5446,2897
C4098,2693
C5875,2540
C9168,2732
C2385,3218
C2330,2342
C2467,2351
C3443,1266
C1795,1871
C5250,1531
C9865,1459
C6872,2113
C6886,2692
C6533,2410
C5539,2842
C2446,1220
C8741,3260
C6766,2170
C7208,2554
C3924,1740
C2687,2792
C3563,1990
C3125,2587
C3890,1745
C3006,1109
C8381,3563
C3659,1622
C6095,2664
C7328,2363
C7599,2607
C7713,2277
C3668,1932
C1142,2593
C6661,2555
C5202,2262
C3724,1681
C5615,2803
C7388,2623
C3444,2519
C2242,2572
C3665,2065
C3283,1858
C2771,1582
C9435,2753
C7355,3822
C9649,2128
C4396,1980
C6134,2381
C6568,2752
C3413,2314
C8539,3039
C5286,1928
C4700,3139
C7185,2983
C1102,2720
C9436,3068
C7023,2092
C8036,1944
C4093,2697
C9000,2237
C8581,1396
C4663,2476
C7583,2315
C9686,3098
C7836,1933
C2502,2455
C3396,3041
C8914,3105
C9192,2199
C9187,2549
C1959,3001
C1619,3537
C3653,2469
C5638,3134
C2942,2037
C4398,1120
C1671,3165
C1126,2845
C6559,1807
C5056,1725
C8632,2450
C7663,3593
C5621,2505
C6081,1799
C9218,1701
C5614,2594
C8035,2597
C6706,2243
C9919,2794
C4524,2596
C8611,1917
C2909,2266
C9900,2417
C1894,2521
C8106,2455
C6515,2154
C4271,1896
C6504,2696
C4968,2957
C9794,4216
C8638,2300
C2853,2514
C9220,2941
C1953,3044
C4962,2059
C1316,2706
C1787,2169
C8740,2176
C9174,1225
C7217,2554
C3736,2306
C2090,2873
C7452,2039
C7816,3048
C3376,2510
C3972,1663
C8540,2326
C3847,2348
C1996,2073
C6432,2473
C1221,3136
C1410,3172
C6885,925
C4544,1735
C2801,2605
C8180,3143
C7070,2082
C5463,2037
C9902,2222
C5457,3296
C2389,2408
C7179,3472
C9133,2048
C2545,2400
C1368,1588
C4760,2682
C1672,2621
C4695,1098
C8604,2153
C7947,2826
C3823,2341
C2141,2284
C2587,2073
C4225,2562
C8802,2297
C8784,1887
C5426,2841
C7128,1758
C7090,1906
C7742,2405
C7220,1538
C7657,1430
C6482,1981
C9971,2164
C8490,2804
C5778,2755
C7994,2831
C3169,1546
C7707,1638
C4928,2802
C8788,2882
C4323,2638
C3454,2671
C3718,2146
C8071,2338
C1898,2568
C8107,2820
C5007,2297
C6075,3171
C9138,3854
C9893,2741
C7600,1977
C6151,2334
C3299,3180
C3174,2158
C9396,1921
C5036,2152
C8371,2607
C4961,1939
C6032,2481
C3120,2744
C1669,2790
C4132,1947
C7240,1877
C4434,2160
C7736,2294
C3340,3610
C4714,1910
C8758,2399
C4151,3200
C4590,3175
C3521,1961
C6421,3170
C3667,2349
C8077,2156
C4333,1596
C5949,2864
C3449,2487
C4055,2359
C7976,2477
C8657,2530
C6101,2957
C3438,2659
C1963,2447
C6216,3135
C7216,2075
C1830,1558
C2559,2153
C7462,2225
C8563,2180
C4945,2164
C5705,2071
C8867,2359
C8239,2056
C6403,2625
C3262,2925
C7380,3021
C1477,2505
C6649,3631
C5035,1874
C6894,1554
C9493,2308
C3548,3138
C5359,2851
C3497,2341
C7886,2860
C3379,1774
C1087,2538
C2200,3244
C4583,2718
C4262,1896
C5763,2571
C1561,3387
C4216,1516
C5292,2734
C8682,3305
C6413,3641
C6982,3081
C4854,2178
C3766,2804
C6817,2190
C5488,3265
C9172,2479
C9885,2520
C9783,2826
C8669,2176
C7755,2628
C9247,2786
C4152,1875
C7883,1644
C5217,3183
C7701,1218
C1809,2735
C9709,2204
C9924,2422
C1038,1557
C9354,2142
C1762,2312
C5686,2564
C6208,2261
C1208,1571
C6172,2714
C8750,1922
C3216,1408
C2495,2912
C4352,3026
C6558,2654
C2042,2661
C6256,2413
C4242,3462
C5240,3035
C8768,1755
C5672,3633
C4270,3721
C8692,2767
C7046,2190
C7058,3384
C9483,2596
C1742,3254
C5751,2512
C4540,2701
C9312,3636
C6334,2239
C6440,3267
C3447,2276
C8806,3332
C6591,3633
C7595,1929
C6997,2130
C9244,1914
C5328,2783
C8401,2368
C4131,2334
C3077,2588
C7281,3884
C6270,2119
C7571,1518
C2462,2813
C9994,2573
C9590,2405
C2817,1350
C7785,2440
C5384,2500
C3253,2890
C8646,3114
C1184,2118
C5960,1841
C2956,1540
C5604,3798
C1052,1970
C7433,2532
C7303,4053
C4721,2420
C6710,2102
C6011,1978
C5290,2813
C4235,2732
C9531,2817
C3135,1645
C9882,1983
C4334,2305
C8597,3148
C3937,2764
C7326,2820
C1331,2712
C4283,2052
C8663,1637
C1176,2811
C7314,1614
C5333,2888
C5046,1847
C7550,2330
C5175,2397
C3740,2563
C8419,3094
C4901,1856
C5482,2374
C3759,2323
C2002,2388
C2110,1663
C6265,1788
C2544,1827
C2712,2175
C1990,2666
C1691,3258
C7891,2945
C4655,2648
C3309,2841
C2662,2202
C7899,2798
C9106,3175
C8175,2032
C5325,2241
C4020,1891
C3574,1975
C1129,1445
C2081,2705
C4879,2512
C1826,2715
C9568,2307
C8711,2367
C4252,2697
C6125,2813
C5317,1934
C6626,2880
C3923,3520
C9451,1597
C9179,2435
C9338,3304
C7095,2319
C2458,1737
C3495,2513
C5432,1341
C8584,1781
C3137,2553
C3193,2611
C6991,2695
C1436,3430
C8753,1841
C3400,2599
C3750,2604
C4154,2085
C8484,2164
C3679,2112
C7198,2755
C1218,3435
C9005,2336
C8191,2507
C4956,2854
C8301,2002
C1269,2474
C6029,2931
C7900,2449
C3004,3142
C2670,1875
C9085,2075
C9481,2350
C1696,1724
C4429,2290
C5786,2552
C2408,2231
C8957,1931
C6580,1883
C3872,1855
C7010,2561
C2240,2762
C8704,2298
C1381,3086
C7679,3005
C4723,2111
C6792,2568
C8530,2667
C7335,2902
C2971,2687
C2716,3744
C2049,2567
C4442,3168
C2274,2370
C7981,2590
C7557,2102
C5044,1340
C8946,2161
C6614,2008
C3920,2604
C9399,2223
C2845,1624
C9838,1937
C9732,3463
C4882,2448
C3768,1329
C5316,1994
C2332,2961
C6292,1708
C6371,2382
C1288,2246
C8538,2888
C1594,2493
C5089,2508
C5369,1991
C9975,2422
C7640,2674
C5780,2925
C4001,2560
C2498,1545
C1727,2933
C4205,3322
C9454,2395
C7650,2234
C7418,1901
C3259,3096
C7970,2250
C1308,3592
C5465,2112
C2398,2745
C9846,2822
C4480,2819
C4874,3051
C5016,4259
C4239,2374
C4462,2293
C7996,2623
C1128,2767
C8761,2069
C4502,2195
C6199,2590
C1992,3073
C7780,3244
C8452,3481
C4697,3058
C9283,1729
C6878,2024
C5228,3384
C2506,2140
C9513,1510
C2411,2429
C4468,2236
C3310,1650
C6820,2308
C3093,1972
C7184,2248
C3696,1623
C4374,2879
C2205,2357
C7394,2025
C2773,2403
C5393,2205
C7504,2218
C7617,3910
C9083,2083
C5402,2366
C7271,2368
C6252,3311
C9047,2608
C1424,2114
C6743,3880
C4384,1998
C3015,2198
C9135,1714
C4877,2461
C4543,2708
C3144,3772
C5114,2775
C6063,2613
C5809,1925
C5148,2286
C4245,1900
C4887,4073
C9267,2524
C3608,2592
C5408,3666
C1090,2539
C4471,2472
C9402,1789
C2978,1901
C2704,2546
C4800,2988
C6210,3332
C6730,1664
C4510,3325
C2739,2445
C6755,2380
C1710,2605
C4752,2629
C7141,3535
C9473,1852
C1037,2551
C6455,3024
C6639,3038
C9848,2662
C1104,1456
C1572,2955
C1220,2756
C1758,2868
C5611,1681
C7148,2422
C2567,2132
C4391,2990
C4458,2490
C5322,3149
C8953,2382
C4217,1916
C7337,3068
C2140,2998
C8608,1730
C5285,1956
C3709,1981
C2449,2586
C7252,2817
C5091,2207
C4261,2100
C6284,1878
C5922,3222
C2476,3628
C6882,2662
C7029,2399
C3983,3501
C5889,3095
C6306,2926
C9851,2395
C5199,2842
C7036,3424
C4127,1793
C4658,3888
C4208,2083
C9997,1729
C3152,2785
C3311,3425
C2304,3053
C9365,3030
C3117,2972
C5298,3091
C6262,2365
C6837,2139
C7703,4154
C7069,2682
C5648,1897
C3984,1410
C7309,2210
C7042,2471
C2281,2142
C6721,1593
C4211,3313
C8080,3116
C8159,2577
C4404,2611
C6193,1936
C1258,2256
C1196,3089
C7690,2692
C3476,2199
C3038,1690
C1941,2134
C3385,2326
C2067,2071
C6640,2628
C7292,2198
C1097,2615
C8015,1835
C7574,2179
C9175,3394
C2277,1332
C6761,2097
C2483,3041
C5032,3151
C5993,3535
C1455,2328
C1846,1394
C5519,2471
C7487,2875
C2677,2339
C9026,2293
C4395,2693
C9704,2463
C1417,2468
C2374,2782
C6829,2222
C4048,2925
C9819,1813
C2187,4046
C1185,2537
C2943,1792
C3157,2404
C4625,1742
C5268,1638
C8457,2408
C3965,2313
C4860,2346
C3143,1786
C6725,2671
C2130,1934
C7057,3978
C2419,2592
C8397,2177
C2667,1344
C1888,2511
C6420,2513
C8687,1536
C5762,1804
C8117,1842
C9461,3065
C9527,1722
C7937,1651
C4290,3159
C8853,1943
C2128,1886
C2900,2638
C2155,2859
C2661,2645
C3800,2867
C9619,3283
C7618,2319
C3854,3244
C1944,3005
C9560,2207
C9167,2799
C6723,2563
C6765,2558
C6599,1858
C5596,2068
C8138,1762
C3362,2395
C5029,3627
C9010,2862
C2825,2417
C3182,3166
C4673,2387
C3103,1817
C1029,2450
C8660,1813
C8393,2619
C4676,1926
C5470,1826
C6368,1826
C4791,2278
C6988,2537
C7189,2162
C7239,2020
C9272,2818
C9770,2157
C4320,2210
C3375,2694
C8297,2922
C9881,1847
C5343,2597
C3878,3331
C5338,2344
C1354,3405
C6280,2361
C7064,2821
C1604,3358
C3619,2635
C1791,1838
C2201,1203
C9315,2517
C4064,2394
C5591,3120
C5103,1902
C6399,2690
C8170,2625
C8063,2534
C9601,2060
C6664,2215
C8416,2926
C3224,2414
C8569,2508
C4215,2581
C7440,3266
C5300,2172
C3611,1582
C3227,2438
C2870,2605
C8047,2986
C9536,2844
C8755,2451
C2041,1803
C5227,2479
C9753,2664
C6241,2095
C6753,2314
C4851,1715
C8535,2016
C9581,2480
C2087,2082
C3560,2599
C4372,3141
C8952,2267
C4388,2983
C2659,2435
C1428,2606
C9579,2118
C7169,2385
C6860,1841
C5743,2723
C8935,2797
C4360,2523
C6157,3104
C8968,3063
C3514,2581
C2300,1797
C2630,2429
C2451,2225
C6607,2799
C8127,1748
C6186,2582
C3032,2493
C4606,2629
C3877,2459
C3312,2914
C7142,2344
C5171,1914
C7793,2952
C7920,2245
C7629,1878
C9150,1364
C6055,2443
C7475,1777
C7664,2130
C4403,3075
C6961,2662
C4102,2947
C8944,3346
C4407,2394
C6358,2808
C9737,1847
C9990,3087
C3846,1574
C7438,2103
C2645,2938
C5698,2740
C5269,2188
C3947,2778
C2251,1971
C7878,2941
C9690,2897
C3086,2225
C6232,2075
C2546,2166
C3233,3065
C8623,2147
C4338,2378
C4897,3509
C4298,2367
C9652,2881
C2805,2434
C2898,3007
C9186,3604
C3452,2881
C9678,2540
C5374,2671
C8917,1790
C4707,3225
C6489,1457
C1400,2305
C4642,1837
C9062,3036
C5938,2852
C5153,1698
C6188,2176
C8156,2145
C7620,1970
C5456,1782
C7414,3127
C5420,2022
C8339,2442
C2715,2588
C7467,2286
C7048,2257
C4189,2685
C5680,1846
C1063,3041
C9977,3471
C5158,2210
C8212,2000
C6019,2449
C3577,2604
C7662,1727
C3172,2497
C3188,2156
C8757,1715
C9036,2602
C4560,2654
C8991,2088
C9375,3903
C8546,2598
C3048,3227
C5669,3362
C4126,2557
C9530,2880
C3370,1776
C2170,2501
C5773,2192
C3885,2050
C4014,3575
C6906,2476
C2585,2426
C1579,2362
C5249,2487
C2719,2620
C1973,1214
C5332,1452
C2073,2207
C1541,3317
C9953,1836
C6030,2524
C9155,2802
C9469,1680
C8414,2241
C7991,2227
C3747,1561
C2338,2815
C6100,1667
C2162,2380
C3716,3975
C9074,2464
C9068,1816
C8594,2103
C7088,2801
C3064,2498
C5318,3322
C7266,1854
C5468,2940
C7859,3013
C8461,2992
C1805,3036
C2722,2344
C9761,2768
C9630,1828
C9380,2417
C7791,3148
C7637,3434
C9376,3253
C8453,2492
C7039,3872
C4925,2906
C2536,2107
C2912,2440
C7310,1617
C5233,1619
C6803,2363
C4422,1692
C6104,2350
C2795,1522
C1413,3675
C3804,1935
C6298,2088
C9259,2465
C1755,2401
C4448,1965
C6995,2939
C5535,3577
C7813,3704
C5572,2806
C3241,2773
C5006,2531
C3564,2243
C7024,2382
C8027,2172
C6103,1557
C3246,2936
C5764,2082
C2182,2069
C8966,2538
C5336,2440
C4985,2447
C7980,1772
C7272,3217
C8493,2576
C3928,2544
C4646,1599
C5720,3098
C5998,2761
C6701,2772
C1781,2759
C7205,2034
C7162,3077
C4326,2731
C7383,2557
C9724,1888
C3210,2309
C2114,3015
C1429,3778
C8337,2278
C9617,2741
C5192,2613
C2064,2376
C3956,1789
C2802,3805
C8322,1874
C1810,2050
C5383,1346
C8065,3884
C9477,3041
C9149,2285
C3855,2365
C2489,2648
C6621,3499
C4991,2435
C9789,2705
C9151,2192
C4587,2130
C5979,1470
C4143,2710
C3036,2539
C1966,3031
C1730,2585
C6815,2115
C7834,2987
C3318,2027
C3057,2837
C2876,2699
C3838,2092
C1578,2608
C8236,4143
C5928,2704
C3545,2262
C8839,3162
C4880,2074
C3670,2270
C4789,2779
C1714,3498
C3104,3808
C3499,1971
C2400,1420
C7483,2277
C7103,2895
C5585,1912
C8519,2797
C7596,2322
C1287,3084
C3591,1720
C2911,2625
C5088,3124
C7931,2277
C6141,1719
C7275,3779
C5785,3600
C9854,2180
C9242,3096
C1999,1230
C9459,1802
C8974,2403
C5439,2408
C6877,3201
C2204,2503
C8098,1900
C9698,2839
C5185,2116
C7055,2017
C2640,2935
C1519,1854
C1307,2380
C6283,3210
C3680,3153
C2831,2145
C3733,2098
C3886,2986
C7507,3143
C1276,1760
C4156,2602
C6302,1984
C5801,2519
C5118,2554
C3127,2229
C4096,2956
C3058,2043
C2676,3071
C7855,2251
C3067,2315
C1133,2229
C7235,3428
C8312,3002
C2960,2923
C7041,2461
C8125,2772
C7782,2501
C3102,2871
C9072,2152
C3573,2532
C3861,1954
C3502,2557
C6905,2002
C4075,2834
C6563,2283
C5887,2382
C2088,2435
C9874,2485
C5030,2391
C9234,2465
C2080,1749
C6908,4362
C1251,3275
C6833,3480
C7998,1905
C6162,2385
C9282,2843
C2272,2124
C2291,1668
C6079,3883
C9322,2481
C3799,4389
C6209,3031
C9853,1992
C4035,2575
C6379,2195
C2711,2133
C4577,2745
C4549,2459
C8488,2953
C6735,2973
C7759,1601
C9771,1434
C2979,2404
C2235,2312
C4240,2068
C2902,2704
C6007,2862
C2908,2668
C7124,3138
C3535,2342
C8040,2692
C4659,2453
C6031,2222
C7882,2711
C4780,1788
C4804,2613
C9880,2434
C6666,2785
C7032,1968
C4913,2225
C7545,2286
C7732,2512
C5073,2537
C4420,3176
C1298,2218
C7819,2618
C9593,2694
C5919,2403
C5366,2575
C1847,2410
C3583,2516
C1522,1830
C5304,2733
C6726,2367
C1509,3157
C9197,3957
C2914,1635
C2891,3070
C6960,2612
C1260,2700
C2334,2845
C6552,1960
C1182,3148
C1472,3196
C5174,2134
C6616,2058
C3050,2829
C1044,2915
C3684,2347
C9705,2124
C8097,2478
C7835,2475
C5518,3064
C4740,3088
C4904,2514
C3921,1998
C4824,2685
C2289,2393
C8274,2909
C9494,2743
C2720,2537
C5851,3514
C5932,2714
C4601,1386
C8418,1791
C5613,3145
C5472,2114
C2327,1883
C7447,2729
C2791,2426
C2132,2346
C3765,2789
C3603,2741
C8471,2286
C3022,2111
C8412,1636
C6847,1991
C4653,3346
C9080,2141
C9471,2493
C8972,2687
C2095,2401
C5005,1676
C2521,2108
C6707,3049
C5918,2080
C8378,2759
C2437,2557
C7510,2341
C5609,3979
C9087,2830
C7692,2186
C7468,2407
C5884,3060
C3845,3322
C1785,2193
C9688,3562
C4327,2268
C7968,2284
C1098,2213
C7547,1603
C1108,2537
C1351,2939
C3664,1578
C7274,2577
C7914,2254
C9681,2750
C8476,2190
C5525,2789
C5798,2863
C8847,2415
C8287,2761
C3142,2498
C2600,2660
C9608,2114
C1171,2583
C2780,1754
C4289,1965
C6394,2037
C5216,2716
C8899,1866
C1070,2498
C9028,1844
C1451,2260
C9485,4160
C2228,2454
C6039,2654
C8316,3418
C7633,2262
C4415,2254
C4952,2408
C4435,2112
C9828,3327
C6147,2662
C7856,3751
C9805,2273
C1693,2483
C2152,2841
C9194,2126
C4522,1962
C6648,2273
C9111,1763
C4754,2906
C8719,2271
C7357,2586
C8805,3413
C2410,1674
C1770,2833
C3326,3367
C1481,2385
C6857,2728
C6944,3088
C3345,3648
C4342,2295
C9221,1892
C8800,2370
C1067,2570
C7999,3745
C7453,2778
C2994,3044
C5871,2832
C5198,1940
C7756,2526
C8684,2267
C4900,2348
C6676,2799
C9845,2171
C7061,2040
C6404,2260
C1939,2689
C9646,2189
C6990,1773
C8586,2668
C4830,2229
C9675,2142
C4997,3248
C4894,3207
C2127,2330
C7723,3053
C8115,2496
C6301,2725
C3691,1834
C9657,2171
C8095,2861
C7477,2301
C9719,1436
C8459,2422
C7797,1382
C7548,2828
C9907,2198
C1499,3314
C4133,2223
C2142,3412
C2237,2236
C6356,3191
C4427,3107
C9019,2757
C6250,2788
C7824,2886
C3267,1961
C1285,1804
C3028,2628
C3166,2762
C8559,1911
C2974,2533
C6072,2710
C2382,2862
C6335,2073
C7126,2466
C2171,1908
C7831,2202
C6551,2314
C9708,2151
C2868,2390
C5520,2725
C5548,2364
C5042,2471
C7818,2521
C9616,2725
C8857,2136
C9599,1518
C3425,2494
C4138,2300
C7012,2969
C8483,2223
C8697,2373
C4260,2001
C4983,2481
C8313,2326
C1683,3421
C4576,2683
C9637,2259
C1075,1446
C1005,2573
C7117,2647
C4321,2854
C7378,2118
C6094,1835
C5278,3653
C7746,2205
C8064,3621
C4278,2359
C2351,936
C2558,2033
C2169,2626
C6823,2908
C9281,1898
C1265,3378
C5617,2146
C6727,1225
C4649,2639
C6708,1434
C7685,3023
C6202,2541
C2582,3147
C5636,2258
C8628,2242
C9847,1348
C8079,1534
C8455,2970
C4069,1646
C1670,3399
C9801,2249
C8785,2246
C4297,2753
C3580,2133
C9809,4209
C1643,2705
C6146,2104
C7100,3010
C9519,1577
C4902,2326
C6207,2345
C1103,2870
C8567,2033
C1789,2200
C5428,1756
C5365,1959
C5077,3294
C7728,3723
C3414,1939
C6590,2263
C8696,2820
C4588,3377
C6401,2200
C5640,2583
C1222,2519
C6137,2691
C1060,2713
C8396,2539
C9754,1961
C9122,2856
C2053,2486
C4725,2466
C7192,2565
C9667,3453
C9456,1567
C9452,2042
C6214,2207
C4045,2749
C2527,2567
C5350,3333
C1523,2352
C7769,2509
C8835,3334
C9294,2691
C7905,1770
C9722,2860
C9792,1437
C5051,2119
C5064,3147
C2292,2201
C9988,2148
C9859,2641
C8642,3470
C2191,2778
C4086,1798
C3393,2796
C8463,3083
C2972,2165
C5481,2175
C3184,2839
C7549,2048
C3407,2877
C9089,1394
C7480,3194
C1453,2275
C5507,2556
C9883,2158
C2571,2221
C5843,3150
C1626,2876
C7624,1458
C8448,2354
C6717,2219
C2309,2945
C7950,1462
C1994,2948
C6984,2017
C3933,2209
C4436,3351
C3540,2073
C1871,2182
C7004,2710
C2663,3018
C5587,1967
C2967,3177
C5999,2469
C5186,2408
C6543,3326
C2413,2281
C9199,2090
C6293,2785
C4949,2017
C6109,1928
C1512,2480
C3081,3225
C8103,2025
C9238,1775
C8816,2814
C8341,3272
C6064,2709
C5501,3191
C4718,2008
C5946,2277
C5403,1547
C6810,3170
C6503,2245
C2431,1945
C3526,2937
C8706,2100
C2887,3151
C1738,1823
C1471,2027
C4645,1812
C4770,2884
C1432,2652
C4959,3416
C1419,2439
C7823,2289
C9658,2597
C3565,3089
C9414,2262
C5352,3205
C3671,2222
C7873,2556
C6513,2689
C1113,2121
C8231,1937
C7454,2962
C7238,3415
C9292,3323
C5840,2920
C3989,2676
C1083,1956
C8807,2057
C7734,2793
C8728,2363
C7154,2178
C5973,2327
C3378,2790
C9288,1885
C7800,3113
C4295,2331
C4643,1870
C1887,3189
C7425,3643
C8353,2853
C1949,2310
C2535,3114
C3712,3417
C9357,2138
C6806,2812
C6628,2321
C7153,2938
C4641,2659
C2819,3124
C8585,1145
C1068,1155
C3832,2356
C5803,2542
C3138,2012
C7862,1799
C9333,1742
C8731,2306
C8061,2485
C2098,2746
C8289,2551
C2821,1823
C7199,2939
C7288,2703
C2980,2221
C4525,2368
C3316,2720
C6120,2591
C5547,2945
C9741,2688
C2618,1768
C2969,1912
C3420,1714
C8751,2299
C1505,1455
C6949,2670
C3220,2271
C5567,1452
C9140,2387
C3466,2113
C6076,3002
C8344,1701
C8377,2890
C1107,2733
C6509,1862
C1500,3087
C1577,2561
C5709,2834
C1901,2419
C4111,2611
C8571,2242
C4999,2394
C4060,2502
C3754,2575
C6650,2563
C6700,2039
C5836,2409
C2632,3841
C6484,2333
C1698,2184
C5400,3029
C6153,2392
C3946,3334
C7513,2228
C4122,2933
C5815,1379
C4661,3157
C2353,3722
C1864,3162
C2456,3269
C8979,2328
C7485,2373
C2040,2109
C3273,2369
C6819,2993
C5334,3410
C2666,3312
C1744,3234
C8392,2221
C8647,3221
C1248,2708
C2581,2565
C8926,2825
C3604,2593
C3485,1511
C4545,1915
C6295,2571
C9385,1857
C3480,2715
C4829,2997
C5173,2657
C5453,1700
C4940,3623
C3276,1587
C9717,3032
C7302,1694
C8762,1833
C3325,2643
C7533,2095
C1632,1900
C9877,2808
C9762,2366
C5593,2168
C8971,1795
C5667,2101
C2616,3081
C9431,2371
C5714,1481
C5513,2321
C1872,3285
C9195,2827
C8870,3007
C9815,3155
C4438,1783
C7522,1921
C8307,2377
C3987,2052
C4062,3353
C4449,2033
C3643,2516
C7641,2402
C2415,2360
C8659,2371
C4488,3794
C4161,2754
C5551,3253
C6222,3525
C9752,2317
C7787,2109
C7311,1809
C8088,2555
C8510,2131
C5784,2351
C9574,1935
C5765,2627
C5772,1448
C3171,2131
C4817,3093
C9588,1352
C2089,1358
C7698,2464
C9505,3587
C5685,1524
C1198,3188
C4206,3448
C4446,2603
C5502,2803
C4735,2599
C7412,2730
C7457,2546
C1370,2670
C2579,2490
C3860,2116
C7040,2628
C7038,2347
C5899,2262
C9936,1814
C4038,2773
C3214,2883
C3556,2262
C4738,2672
C8332,2692
C5862,2313
C7221,2938
C8905,2420
C4335,2302
C7471,2133
C6297,2077
C7532,2285
C3016,2312
C5967,3133
C5955,2689
C2726,3037
C1516,2439
C1161,2905
C9803,2495
C8288,2966
C1924,2124
C9889,2908
C8431,3093
C1588,3033
C5458,2381
C2026,3318
C7391,4061
C3624,2892
C7704,2241
C1122,1493
C4977,1926
C3441,3994
C8266,3374
C1550,3265
C7382,2270
C6115,3083
C2622,2513
C9233,2000
C3888,1750
C7181,1954
C5688,2270
C7374,2644
C9230,2081
C2631,2384
C3638,2726
C8776,2474
C4755,2716
C3531,3079
C7439,3045
C8631,1784
C2331,1494
C3282,2374
C3467,1905
C9676,2995
C3912,2022
C6263,2638
C7009,3167
C8558,3072
C4838,2905
C9730,2223
C7062,1903
C1203,3477
C4534,2094
C8263,1680
C9178,1419
C6142,2200
C7134,2279
C8162,3211
C8219,1938
C8532,2569
C8425,3437
C1750,2751
C2369,2513
C7864,2559
C9496,1849
C7146,2313
C2862,2845
C3959,2999
C6589,1252
C4611,2136
C7517,1787
C5738,2093
C7322,2851
C2820,1987
C3827,3027
C3394,2758
C2626,2601
C1211,2938
C1919,2198
C6289,3373
C9869,1541
C1783,3170
C5182,2523
C3695,2279
C2561,2920
C7536,2933
C4259,3833
C4213,2954
C2806,1311
C8869,2260
C1099,2065
C7411,2688
C9203,2128
C3995,2630
C6962,1925
C7809,1410
C8363,3634
C9986,2726
C2199,3079
C4007,3003
C8119,2377
C2427,2618
C6412,3791
C1242,3225
C8536,2425
C9660,2420
C5964,1754
C8527,2294
C7315,2545
C8970,3184
C8140,3094
C4852,2578
C6566,4075
C6044,4183
C1712,2264
C2372,2192
C5512,1760
C8290,2701
C4195,2880
C3247,3018
C3830,2795
C9555,2243
C1622,1671
C4821,2351
C3270,3290
C9597,2844
C3128,3181
C5211,2407
C8209,1757
C9862,1201
C8037,3575
C5263,2214
C5478,1952
C6307,3888
C6496,1804
C1018,2657
C1325,2497
C8786,2938
C9642,2908
C4101,2013
C9055,2333
C5541,2814
C6083,2473
C1982,2655
C2674,2118
C3703,3045
C3649,2521
C2514,1568
C2341,2189
C4183,3054
C1913,2675
C9993,2355
C9640,2704
C6919,1704
C7929,2546
C1043,2864
C7940,2230
C5626,1903
C2749,2464
C6204,2752
C2880,2845
C9321,2117
C6169,2038
C8890,3177
C3794,1344
C9331,1917
C9400,2556
C5160,2015
C4107,3343
C9910,2477
C8574,2730
C9347,4424
C5701,2987
C5271,3203
C9127,2675
C8435,2076
C6040,3293
C9725,2668
C6983,2426
C5580,1857
C4119,2123
C6369,2656
C4747,1724
C7876,2448
C5852,2979
C7854,2272
C6122,1736
C8350,2937
C6927,2354
C2794,2890
C5099,2155
C3226,2356
C8092,3178
C4559,2894
C2517,1985
C9372,2810
C1612,2002
C7441,2099
C4870,2691
C6212,2023
C6950,2992
C8769,2956
C7884,3203
C3637,2830
C9015,2092
C2531,1790
C4623,1202
C2383,1872
C3616,3319
C2693,2933
C1069,2824
C1202,3046
C9727,3008
C6654,2629
C1296,2377
C4855,2070
C2580,3102
C4581,3094
C2401,1993
C3904,1808
C7969,3118
C7880,1631
C3749,2511
C3082,1688
C1644,3001
C1565,3328
C4689,1044
C8986,2452
C4572,1927
C4314,3305
C2324,2293
C8369,2541
C9661,2090
C6213,2098
C9126,2547
C4451,2726
C3978,2927
C1391,2503
C8403,3322
C2947,2319
C5978,2487
C1682,2445
C7329,3452
C6327,2363
C1583,2010
C3652,2266
C8398,2298
C4387,2814
C8358,3755
C2752,2917
C5597,2388
C7697,2685
C3500,1684
C9985,1746
C1948,3880
C7094,2886
C7463,2527
C5159,4185
C6013,2394
C3694,3674
C2360,2033
C2094,2611
C4918,2914
C6428,1907
C9938,1835
C8689,2090
C2968,2229
C5008,2329
C9128,2924
C3856,2516
C8778,2215
C9156,2579
C9644,2977
C4033,3183
C1406,2230
C3614,2618
C4248,1487
C1598,1948
C7399,1755
C8796,3752
C5623,2548
C6447,1985
C5653,2416
C8654,1183
C5448,2418
C3040,2745
C6385,2641
C5021,2724
C2808,3133
C6724,2497
C5694,2291
C9610,3313
C5128,2768
C7113,2052
C1124,2789
C2589,1262
C7709,2192
C6714,2865
C3701,1217
C2420,2382
C8277,2477
C4711,1833
C1089,2412
C4047,2250
C4200,1662
C9265,2612
C9980,1893
C9806,2840
C5736,2384
C3206,1858
C6257,2393
C9118,2370
C5484,3749
C3849,2140
C5386,3511
C4444,3306
C7243,2078
C8683,2911
C6426,2191
C1147,3358
C9711,2388
C7098,1491
C5259,3005
C7872,2550
C9441,3095
C8275,3105
C8360,2566
C8251,3836
C3417,2414
C7003,2198
C8744,2790
C9955,2310
C3675,1449
C2177,2585
C1802,2907
C3389,3481
C3966,2320
C5794,2523
C1048,1369
C6704,3735
C4749,2007
C1362,2614
C6419,1169
C2036,1339
C4876,2708
C6288,2509
C2173,2288
C4061,2103
C6442,2670
C7930,2945
C8057,2856
C7193,2835
C9418,2621
C6367,2448
C7687,2634
C7182,2325
C2740,2278
C8380,2334
C2518,3040
C6828,2896
C3445,2913
C9721,1805
C6469,2840
C4593,3538
C3281,3115
C6311,2456
C1470,2221
C3822,3882
C4550,1755
C9954,1997
C7286,2489
C1492,981
C7481,2070
C7318,2363
C2054,1778
C9112,1983
C5361,3673
C6933,2015
C1363,1503
C2232,2236
C3536,3683
C1238,2017
C9427,2153
C4943,2734
C5459,1854
C4266,1691
C8576,2477
C7021,2494
C1225,3063
C8051,2533
C2573,2679
C4839,3247
C7138,2590
C5971,1931
C5515,2423
C9557,2488
C4742,1929
C6918,2244
C3997,2574
C1697,3032
C7766,869
C5200,4064
C2732,1983
C9785,2941
C6397,2973
C6907,2739
C1271,2735
C8320,3605
C2701,2032
C2642,3178
C6205,1653
C1960,2953
C1985,2389
C9332,2524
C1777,2384
C9901,3375
C7209,3600
C2768,2601
C4790,1405
C4312,1858
C4439,3147
C9302,2206
C7870,2115
C4499,2847
C3977,2020
C5896,2378
C2296,2204
C4437,3111
C1464,2947
C4406,2133
C8681,2763
C4470,1656
C3437,1524
C2883,2800
C5930,4326
C5654,2904
C5145,3439
C5732,2995
C1818,2624
C2903,2640
C7372,3491
C6851,3248
C4341,1855
C6233,3074
C3672,2652
C2086,2629
C4842,2930
C9921,2291
C8222,2072
C4037,2762
C8729,2820
C4555,2345
C1395,2204
C2093,2806
C8137,2388
C6248,2638
C1820,2989
C8165,2560
C6884,2315
C9240,2345
C6480,2638
C7955,2766
C1725,1473
C4207,2208
C5142,2153
C9201,1282
C6937,2932
C2078,3613
C1431,2869
C4515,3200
C5496,1944
C3900,2585
C2975,2211
C4218,2630
C8192,2226
C7150,2519
C8878,2233
C1234,2582
C8648,3248
C7403,4004
C4717,2280
C7219,1858
C4526,2782
C7792,2900
C4509,2128
C5981,2665
C6259,2292
C6354,1970
C5630,2115
C3529,2413
C2020,2644
C5066,2226
C8024,3591
C7798,1709
C9359,1866
C5154,2007
C3882,2171
C3803,2293
C1149,3153
C7362,2425
C7157,2712
C4418,2248
C4393,2513
C3578,3098
C1771,1401
C2804,2230
C8644,3367
C2395,2207
C3068,2706
C3091,2907
C1483,3083
C3582,3129
C8884,2447
C1606,1498
C8826,2626
C8958,2396
C1057,2227
C7118,2535
C7427,2372
C3359,2020
C1611,2246
C8238,2441
C5401,2650
C6588,3484
C6821,2777
C9903,2375
C8610,2090
C9689,2187
C3187,2311
C9360,2053
C9945,1981
C9480,3075
C7827,4657
C1584,2555
C5920,2629
C2646,2560
C2305,2968
C2548,2656
C5229,2817
C6408,3227
C4224,2837
C4527,1599
C7304,2304
C5516,2900
C6201,1667
C6646,1659
C2995,2752
C2963,2732
C2434,3343
C4010,2282
C3814,2658
C7656,1912
C1310,2155
C5582,2086
C7960,2719
C9255,3357
C3834,2305
C5800,1922
C5189,1667
C7019,2578
C9981,2653
C3905,2274
C6596,1913
C4953,2446
C6965,2252
C7658,2404
C8155,2578
C4392,3526
C1991,1792
C4317,2509
C4797,2965
C2948,2539
C5643,2332
C2485,3523
C2323,2046
C1437,1718
C8927,2612
C5510,1787
C5440,2373
C6863,2527
C7223,2339
C8232,3846
C1716,2721
C7691,2102
C2515,2547
C3742,2448
C6373,2293
C8933,2819
C4656,2620
C8058,2631
C9659,2010
C9462,3077
C8710,3044
C2890,2135
C5480,2195
C3894,2951
C2099,1553
C6476,2539
C9379,1825
C4179,2301
C8187,2910
C1426,2012
C2542,2080
C6225,3218
C4562,2367
C9867,2147
C8478,2581
C1929,2222
C2879,2566
C6518,2401
C1371,3379
C6759,1602
C6802,1789
C9189,2851
C2225,2214
C5474,2596
C8462,2273
C5566,2616
C8828,2622
C5371,2194
C5788,2319
C1751,2984
C9250,1635
C6274,2562
C9071,2211
C9757,2141
C9972,2484
C7377,2507
C6173,1941
C6287,2675
C9463,2566
C6887,3180
C7317,2130
C6914,1657
C8185,2292
C1459,2381
C5475,3774
C1034,1742
C2694,2281
C2756,2762
C2675,2292
C3115,2562
C9830,2781
C1324,2981
C8599,2914
C4163,2543
C1793,2471
C5848,1525
C2017,1715
C1292,2117
C7560,2991
C4411,2760
C6264,3260
C2231,2309
C4361,1849
C4885,3449
C5387,2722
C3862,3069
C5996,2690
C9003,2252
C8668,1161
C2738,2132
C3866,3106
C8570,2931
C8348,2039
C7431,2973
C1597,2896
C7666,2948
C8227,2850
C3593,1839
C9501,2097
C1922,1555
C8961,2781
C1264,2216
C5559,2572
C2633,1999
C3330,1310
C6121,2060
C3367,1682
C7068,2928
C3361,2331
C9960,2109
C6629,2763
C9423,2300
C1484,2069
C8560,2529
C6749,1893
C7316,2535
C1469,3037
C5750,2583
C7665,942
C1621,1792
C7987,2841
C8854,2721
C8810,2068
C5257,2806
C4169,2336
C7451,2601
C1435,2984
C6308,2216
C4041,2659
C1175,2460
C1640,2274
C6133,2381
C1736,2423
C9426,2177
C5067,2756
C7367,2937
C5074,3329
C1170,2822
C7290,3300
C5897,2966
C2343,2826
C8225,1761
C5197,3054
C5766,2045
C5205,2772
C7956,2634
C4861,2832
C5659,2823
C8739,3017
C9629,2719
C5910,2492
C6805,2425
C4713,2507
C1533,2762
C3486,3041
C5143,3105
C9420,1729
C2481,3249
C6899,2340
C4258,3389
C1190,2988
C5357,2321
C7539,2219
C9621,2685
C9850,3555
C8424,3111
C5206,1408
C2986,3057
C4445,2555
C5320,2823
C7812,1304
C6285,2867
C4650,3454
C4301,2727
C5315,2599
C4781,1959
C6644,2809
C4008,2594
C4192,2867
C6192,3211
C8060,2792
C4460,3112
C2865,1713
C8338,2052
C2261,3060
C9131,2492
C3852,3128
C7578,2931
C8777,1625
C7313,2001
C8020,2807
C9311,2010
C4848,3161
C5425,2010
C4412,2242
C4690,2960
C4858,3347
C1061,2487
C2105,2459
C1832,2609
C5579,2858
C5112,2183
C1197,2439
C8587,2544
C4394,2856
C2789,2251
C4483,2564
C9645,2718
C2901,2908
C8989,2515
C7830,2676
C3146,2194
C9191,1714
C6998,2965
C1031,2461
C7258,2298
C5218,2267
C6434,2644
C2822,2963
C2108,2842
C5208,2355
C3773,2408
C8781,2964
C7521,2390
C1494,3411
C2198,1312
C8543,3414
C9382,2629
C4332,3120
C4679,2347
C9125,1483
C8825,3034
C9550,2838
C8009,2193
C2830,3333
C8708,2301
C7232,2218
C1430,2549
C7847,2797
C5941,2402
C2873,3552
C2895,3083
C1064,2012
C7794,3721
C6454,1717
C4964,2286
C9447,2682
C3252,2875
C7661,2361
C3021,2130
C4970,2214
C1013,2306
C7866,2339
C1514,2802
C7312,2982
C9411,3058
C4090,2485
C5043,2682
C9565,3009
C2776,2598
C1232,2419
C7460,3702
C4336,2729
C9313,2057
C5832,2599
C3868,2147
C5739,2019
C4201,2128
C9490,2780
C5682,2580
C4277,2638
C4947,2156
C7585,2372
C4191,3210
C6497,1260
C3661,2641
C7361,2147
C9535,2666
C5812,2557
C8139,3548
C8651,1998
C5592,1967
C1480,2450
C2944,2222
C3881,3247
C9841,2350
C8848,1996
C1885,2152
C9025,2890
C2562,3993
C1255,1920
C2016,2475
C3789,2443
C6539,2514
C2001,1937
C5927,2544
C4779,2554
C3289,2358
C8221,2963
C2878,1633
C9324,1596
C9978,2519
C8321,2451
C6392,2580
C6475,3145
C4461,3234
C1046,3471
C9740,3858
C5878,1151
C6560,2639
C4484,2740
C2682,3162
C8874,2254
C2652,2250
C1216,2723
C9541,2028
C1071,2860
C1045,1577
C1134,2314
C5258,2777
C6033,2880
C9270,1581
C8158,2509
C7364,2002
C6720,2749
C7625,2639
C8110,2147
C3568,2318
C3353,2836
C7091,2728
C8284,2719
C2786,1697
C2244,1396
C9002,2934
C5898,3279
C4836,2988
C7085,3036
C2767,2350
C5902,2369
C3980,2729
C6657,1850
C1861,4624
C8934,2055
C1282,1454
C7985,2186
C6682,2847
C9056,2441
C5712,2642
C5904,2315
C6578,1600
C8635,2415
C4911,3105
C5894,3269
C6947,2528
C8881,2885
C7743,2376
C7280,2991
C3968,2749
C1766,3788
C5531,3147
C5616,3493
C2377,3105
C9325,1918
C6231,1357
C8499,2468
C4000,2330
C3781,2657
C2594,2733
C9261,2303
C7678,2394
C6359,1418
C4046,2438
C8738,3068
C7166,2570
C1273,3575
C9317,2476
C8002,2902
C1749,2234
C3435,2762
C5283,2622
C5821,3690
C4975,4131
C5022,2907
C1754,2833
C9049,3043
C8014,3073
C7638,2908
C1466,3257
C6643,2567
C1072,2717
C9383,1806
C9183,2019
C4325,2462
C7783,2786
C7740,1973
C3524,2241
C3546,3499
C7500,3070
C6663,1805
C7675,3016
C4413,2973
C5670,2432
C5243,2138
C1015,3204
C2910,2072
C9326,1872
C4857,2487
C7619,2782
C1843,2531
C9779,2411
C9961,2917
C4142,2285
C3242,2664
C3607,4276
C7486,3120
C2262,2209
C6758,2739
C5789,2214
C6594,2239
C3100,1946
C6425,2127
C5375,2634
C9517,2900
C2790,2600
C4981,1994
C9995,1871
C8197,2356
C1011,2503
C6191,2124
C5723,2843
C1297,2343
C6746,2601
C6145,3010
C4029,2416
C3743,2195
C4507,2705
C3922,1806
C3723,2311
C7105,2932
C7796,1678
C8514,3182
C6978,2421
C4681,1825
C4187,2981
C3372,2696
C7119,1902
C7030,1862
C8021,2362
C4698,3472
C4872,2986
C4040,3011
C5666,2566
C4104,2839
C5552,2464
C5254,2860
C7215,1865
C3771,2261
C8122,4085
C9691,1858
C9911,1984
C8582,2270
C3165,4202
C7051,2434
C7551,3225
C7741,2705
C9941,2318
C3116,3661
C3208,2167
C2930,2262
C5970,2701
C5731,2930
C4935,2825
C4532,2562
C4110,3069
C5991,2937
C1705,3752
C8910,1693
C8820,1870
C6528,3014
C5989,2825
C9663,2975
C9738,2758
C4274,2082
C7417,2237
C8291,2201
C7173,2875
C5076,3178
C3523,2604
C1544,1650
C2213,2953
C1106,1741
C7435,1981
C7014,2455
C5019,2511
C2657,1964
C8662,2364
C2985,1663
C5001,2570
C6586,1561
C7087,2187
C8925,1887
C4737,3150
C7726,3127
C1270,1963
C7565,2627
C1329,2072
C9728,2881
C7366,2521
C6473,2337
C1442,3022
C7120,2224
C7729,2278
C1387,3214
C6684,2852
C9763,2066
C3660,3182
C7464,2862
C8017,2054
C9956,1853
C9086,2571
C2503,1900
C4835,1626
C8354,2781
C2454,2587
C2023,3683
C5429,2696
C8456,2357
C4647,3562
C3304,3527
C4168,2592
C9394,2802
C9031,2166
C8472,2701
C9141,2281
C7576,2171
C5689,2338
C9306,3009
C4976,2610
C2728,1560
C5965,2344
C1050,2673
C9486,3130
C3969,3132
C7671,2834
C4602,2053
C4796,2100
C2496,2987
C8304,2375
C4186,3048
C1360,1973
C8973,2482
C1685,1926
C5554,1991
C2435,2021
C4883,2988
C1881,2401
C4076,1929
C1074,2691
C2563,2831
C2202,3204
C4433,2806
C8258,1622
C2828,3375
C5629,1781
C6065,2914
C4757,2875
C4767,2940
C1733,2227
C2611,2325
C9300,2381
C9999,2168
C6846,3958
C8394,2676
C1836,2930
C8237,1673
C5120,2233
C7832,2801
C7917,2025
C5741,2508
C4457,2903
C3044,3122
C8207,2807
C7371,1768
C4232,2385
C5826,2111
C1227,2580
C3798,2558
C8460,2544
C9487,1750
C8086,2186
C3963,3183
C1848,2412
C8101,1958
C1790,1381
C6744,3473
C3488,2792
C4539,2161
C2147,2688
C1969,3866
C8664,1152
C4018,3447
C1867,1886
C5633,2572
C7948,2667
C3477,3202
C3562,2484
C3887,2474
C7015,3029
C3212,2003
C3324,3010
C5213,2450
C2184,2276
C9277,2618
C2742,2573
C4884,1912
C3934,2711
C5608,2888
C8503,2409
C8206,1739
C8773,3206
C2290,1883
C5079,1923
C7490,2390
C8336,2372
C9697,2732
C3876,2157
C9052,2352
C9484,3166
C4351,2753
C8709,2695
C9861,2942
C2671,2489
C2763,2538
C6402,2363
C1656,1501
C5937,2246
C8347,2747
C5157,3177
C9926,1688
C7359,3361
C6073,1410
C8813,2140
C3255,3020
C9137,1884
C8081,2482
C5430,1930
C2111,2494
C6239,934
C2393,2031
C8141,2348
C6024,2038
C1945,1545
C9832,1484
C2307,2795
C4356,2893
C2754,3297
C6729,2242
C7593,2146
C5302,2824
C9843,1680
C7860,2924
C3654,2136
C9113,2217
C2190,2431
C3974,2186
C9786,2114
C3228,2140
C5523,2810
C4313,2366
C2664,2527
C6683,1280
C2005,3122
C1246,3108
C5724,3558
C3054,3183
C9124,3793
C6041,4106
C3705,2833
C1925,3189
C9309,3151
C3666,1592
C7339,1721
C8564,2226
C4212,1945
C7686,2843
C8897,2546
C8583,1893
C6523,3645
C6930,2529
C3650,1095
C4806,3111
C1445,2860
C2803,2996
C9692,1599
C6668,3777
C7449,3224
C6605,2391
C3551,2140
C6001,1679
C6316,2417
C6692,2277
C3037,3583
C3657,3581
C5718,2943
C6716,2322
C4933,2750
C8126,2627
C5913,2192
C4067,2260
C6465,3519
C7443,2263
C4023,2030
C5746,1645
C1986,2720
C5824,2616
C9932,1671
C1779,3108
C4516,2052
C7489,2588
C6253,2680
C9121,2475
C5422,1509
C9439,2957
C7257,2307
C8167,2176
C6080,2791
C4250,2768
C6215,2251
C9021,3022
C5045,2193
C8182,1282
C4068,2058
C7369,2666
C9522,1590
C8667,1922
C4664,2988
C9180,2034
C7765,2158
C5414,2171
C9491,2524
C2399,2509
C9810,2256
C6226,2671
C7744,3560
C3002,2370
C8145,2376
C8633,1611
C3072,3162
C5433,2731
C2774,3027
C5537,1631
C5196,2754
C9040,2058
C1177,3237
C5923,1579
C2799,2215
C7282,2708
C1138,3065
C5846,2269
C7473,2818
C7699,2379
C8978,2691
C5799,3354
C1977,2777
C3392,2124
C2555,3115
C2877,2126
C2906,2714
C8311,1697
C5679,1306
C9736,1732
C5000,2653
C6623,2392
C3205,3084
C1490,2410
C6224,2271
C1235,1904
C3879,3125
C8099,2147
C3160,1986
C3915,2216
C9964,3244
C5866,2504
C8172,3288
C1452,2648
C2107,2358
C9241,3310
C1327,2864
C6794,2346
C5305,3269
C6697,2810
C6277,2226
C9443,1272
C6953,2994
C8984,1994
C2834,2396
C9467,2644
C7702,3472
C3399,2664
C9918,3401
C3065,3135
C7555,2716
C6086,2643
C1458,2663
C7941,2236
C9897,3069
C2709,2635
C2229,2840
C6577,2443
C1840,1758
C7642,3270
C7469,1320
C2139,2327
C7110,3170
C7752,2745
C6535,2541
C5467,2528
C2491,3166
C9899,2162
C8013,2502
C3000,2591
C5813,2435
C2530,2145
C6364,1383
C3462,2200
C4066,3750
C3510,3665
C4567,3059
C5090,2901
C7325,2060
C4280,1661
C1734,2148
C8902,2764
C7840,2327
C5011,2734
C4027,2570
C1136,3210
C9330,3739
C1778,1839
C2672,2156
C9276,1554
C3288,3342
C3416,2485
C9822,1769
C8186,3096
C1180,3281
C6200,2695
C9890,3428
C9020,1935
C5601,2379
C6742,3097
C3470,3032
C2285,2851
C5819,1516
C1589,3520
C1301,2977
C1930,2395
C3525,2345
C5193,2888
C2359,2828
C1926,2277
C2578,1975
C9856,2331
C1573,2423
C5860,2434
C2380,1688
C8046,2307
C2022,2779
C4375,1878
C5924,2967
C4891,2581
C2929,2948
C4864,2749
C8271,2069
C3792,2649
C7566,2094
C6680,1786
C1377,3093
C1858,2218
C2466,2146
C8534,2694
C2165,1680
C7790,2614
C9957,2612
C9820,2495
C7885,2143
C4145,2575
C9963,2701
C5901,2654
C5977,3493
C9323,2251
C7330,2347
C4600,2406
C2048,3125
C8485,1450
C4998,1766
C7775,2659
C4159,1508
C9352,3202
C4256,1758
C7727,2599
C1593,3264
C8943,2585
C5645,1690
C5161,2633
C1361,3729
C5308,2012
C9260,1240
C6891,3776
C3336,2116
C7857,2131
C1546,2948
C1033,2180
C5059,2052
C1554,3425
C6243,2367
C8885,2394
C8614,2298
C9460,2151
C1993,2836
C9628,2358
C6773,2134
C7390,2432
C7324,1786
C1244,2694
C6711,1534
C1405,2911
C4226,2476
C1092,2040
C4306,1987
C4547,2564
C4636,2368
C2333,2240
C4699,3605
C5958,2252
C2755,1893
C2614,2329
C1700,4046
C4348,2156
C1940,2083
C7761,1306
C2352,1989
C1663,2430
C5391,3117
C3229,2228
C4279,2458
C4263,2190
C4589,2454
C3351,2859
C5431,1903
C2533,2647
C1137,2447
C6633,2629
C9091,3783
C2501,2481
C1747,2177
C8872,1466
C2259,2723
C6375,2821
C3697,3480
C8067,2877
C1513,2304
C3231,3617
C5133,2345
C6460,3451
C7074,2421
C1309,3315
C4299,3468
C3207,3224
C4521,3342
C1979,2241
C1813,2232
C5040,3460
C2133,2557
C9067,2555
C8359,1747
C5795,1840
C8645,2821
C4032,2738
C8030,1984
C4238,1841
C3752,2481
C5879,2550
C9811,2095
C1849,2654
C4772,3100
C5528,1961
C8205,1682
C6799,2353
C7384,1883
C8429,3793
C8280,3279
C8012,2349
C4463,3383
C2487,1522
C4464,2028
C5873,2038
C9529,2075
C5180,2761
C9562,2011
C3456,2724
C3819,2407
C7183,2353
C3493,2531
C2615,2494
C5498,2226
C1737,3251
C3149,4045
C6688,3041
C6934,3393
C6656,2595
C4170,1908
C6675,4183
C3098,3714
C1819,2767
C1077,2603
C9351,2209
C2757,2317
C4712,2489
C7072,3111
C7587,2225
C1148,2258
C9682,2984
C6023,2551
C2349,2860
C2335,2500
C1776,2021
C4716,2677
C9844,2721
C6631,2149
C9696,2786
C2784,1681
C7498,2134
C7248,2188
C8108,2212
C8976,3242
C7186,2807
C4627,2941
C4795,2296
C5335,2047
C8963,2353
C5273,2655
C4819,2124
C7804,2664
C4930,2942
C7529,2111
C8743,2758
C2668,2510
C7735,2009
C1556,2897
C3678,2795
C6780,1320
C1581,2499
C3094,2679
C5594,2156
C4622,2889
C6808,3770
C9069,1773
C3453,2922
C2680,2682
C6436,2106
C9009,3738
C7482,887
C9775,2369
C1357,2150
C3683,2338
C3164,1337
C7667,4025
C4049,1833
C2648,3711
C4081,3527
C6422,1372
C9299,2584
C3662,1338
C7594,2311
C6660,2934
C8932,2863
C5759,1631
C8262,2498
C8495,2303
C6970,2581
C8105,2321
C9422,2886
C6228,2439
C5864,2895
C8724,3047
C8931,2863
C5657,3217
C4073,2359
C9290,2391
C1153,3308
C1680,1987
C6349,2087
C1252,2590
C3505,2815
C8487,2270
C3812,1847
C3119,2231
C6485,3697
C5562,2779
C2321,2594
C5658,3397
C6046,2515
C2325,2151
C2268,3798
C8566,1925
C1268,1607
C8085,3340
C6139,2943
C7213,3396
C2013,1977
C6804,2636
C1569,2472
C9933,1757
C3711,2549
C5721,2685
C2824,2444
C8824,3222
C2256,2814
C2684,1918
C5783,1519
C3401,2167
C9648,1877
C4291,3301
C2185,2313
C7603,3538
C8417,2603
C7772,2256
C3899,2430
C2647,2401
C1834,1951
C3346,1855
C6247,3142
C8906,2344
C6637,2075
C4426,2930
C6390,1853
C2881,1471
C8732,2839
C6893,2827
C9580,3413
C4764,2016
C2215,2913
C5697,1938
C4399,2541
C7887,2190
C8621,2735
C1935,3475
C5311,2620
C7895,3256
C7774,1913
C2574,1603
C5634,2260
C8133,2838
C7395,2773
C5399,2748
C5119,2363
C3317,2479
C6136,2336
C8691,3345
C5533,2043
C5245,3405
C8218,1666
C3360,2563
C6350,3528
C6387,2898
C4234,2148
C5550,2168
C3787,2298
C2800,2463
C8234,2795
C5761,3049
C4612,2980
C5556,2113
C3150,3509
C8033,2356
C1372,2905
C8410,2272
C1538,1997
C2116,2561
C2913,1442
C1105,2070
C5963,2653
C2586,3411
C2442,3311
C1756,2035
C9336,2673
C5619,2678
C1010,2737
C6258,2756
C6695,1931
C4634,2098
C6550,3173
C5037,1462
C2463,2404
C1655,2379
C9104,2007
C7972,1480
C8248,3002
C7828,2512
C5882,2331
C3811,3203
C4147,2320
C2057,3905
C5624,3340
C5570,1851
C7018,2838
C6812,2685
C7496,2615
C8913,2961
C3764,2064
C7556,3469
C3013,2095
C7121,2136
C7984,2262
C7628,2456
C4253,2206
C5618,3450
C8630,2451
C3049,2483
C7180,2489
C4792,2600
C4293,2323
C8438,2928
C4621,2768
C6012,2660
C3990,2698
C3515,1910
C3788,2028
C5469,3545
C8625,1991
C1160,2268
C1486,3461
C9227,2498
C1884,3167
C6388,2768
C4349,2715
C8265,2094
C1488,2231
C3700,3782
C4158,2315
C5542,3106
C1495,886
C4354,2952
C8050,2938
C2433,2542
C7842,1709
C7514,2959
C1117,2706
C1286,2464
C6060,2255
C5385,3362
C6796,2628
C5434,2901
C9415,3085
C3222,2614
C1420,2281
C3412,1794
C9768,3179
C1168,2365
C8151,2433
C7230,3321
C9748,2233
C6105,2915
C6999,2557
C1853,2256
C5954,2071
C2118,3269
C6888,2439
C4487,1408
C7236,2647
C8315,1966
C4504,3916
C3942,2431
C1215,2992
C8469,2536
C6163,1760
C9116,2195
C2807,2758
C2212,2432
C5834,2474
C9200,2522
C2445,2929
C1912,1790
C7848,3281
C4237,2758
C7559,2448
C8269,2571
C9572,4378
C1907,2633
C9078,2879
C3805,2375
C6196,3463
C7988,3666
C2550,2088
C6077,2187
C6303,2453
C7017,1802
C1254,1253
C3468,3192
C5109,2359
C6355,3383
C7858,2964
C2365,3638
C4596,2259
C3950,3022
C3219,2539
C6548,2646
C3455,2521
C2214,4284
C9509,2778
C3426,2903
C3055,2513
C6126,3047
C6525,2441
C4899,2113
C8235,2286
C4910,3407
C7276,3109
C6574,3119
C9561,2487
C8600,3195
C5635,3125
C6698,2774
C8982,2726
C2959,2775
C5297,1999
C7080,1705
C2318,1761
C7710,2730
C3996,2133
C9327,1721
C5123,2103
C7979,2771
C2297,2292
C4176,2181
C3489,1850
C4905,2834
C2371,1758
C1151,2768
C1201,2208
C2188,3538
C5342,2792
C3917,2641
C9989,3066
C1983,3083
C6067,2320
C8340,2627
C1085,2942
C7564,1790
C6775,2639
C9894,1681
C9970,2574
C1878,1928
C7308,2559
C2210,2323
C9077,2051
C3935,2978
C3848,3184
C3606,1942
C8224,2505
C6167,3560
C9424,2018
C4140,2477
C8641,2334
C1088,2990
C4802,3452
C6865,1952
C5373,2661
C2886,2525
C4272,2249
C2404,2312
C2811,2367
C6811,1757
C3735,3353
C2299,2571
C2478,1884
C5675,1607
C6129,2358
C6036,2857
C8851,3361
C5600,2471
C5858,2710
C3708,2726
C8537,2554
C5136,2702
C6582,3904
C8010,2140
C1695,2635
C4748,2532
C3415,3188
C5940,1794
C5247,2048
C4227,2689
C1833,2249
C8506,3186
C8920,2033
C2772,2839
C5155,2725
C1278,2339
C8787,1280
C2039,2819
C4368,3639
C5544,2405
C8524,2543
C1828,2479
C1845,2718
C3944,2149
C1636,1558
C5238,2095
C5793,3376
C8346,3519
C8837,3685
C3450,1722
C7350,2345
C3381,3108
C4971,2588
C6866,1738
C3017,1920
C6449,1958
C1972,1961
C3873,3675
C7360,2711
C7409,4075
C9344,3914
C1447,3009
C6915,2922
C6391,2321
C6579,2310
C9298,1929
C8113,2688
C9228,2468
C9635,2300
C6038,2479
C4367,2698
C4149,1912
C4115,3433
C9942,2405
C2066,2741
C7908,1649
C1172,2145
C3303,1766
C3537,3024
C1634,3045
C9144,2501
C6211,2683
C1365,1843
C1624,2893
C6604,2382
C5926,2870
C4269,2538
C4285,3295
C4087,2681
C7174,2934
C7581,2090
C5329,2127
C3005,1862
C1496,3263
C2079,1798
C2354,2298
C4303,1671
C3474,2708
C6752,3206
C1920,2078
C7340,2590
C8193,2157
C8114,2026
C6418,2486
C6608,2172
C4927,2415
C6322,2978
C4472,2569
C2156,3862
C2112,1412
C7541,2450
C3722,2170
C3518,3749
C9772,2324
C5553,3078
C6979,2810
C1575,2809
C7839,2455
C3199,3119
C6774,2599
C5057,2720
C1689,2242
C6738,3045
C2832,2311
C6903,2366
C2183,1687
C9891,3053
C6741,2716
C9054,2332
C7265,1522
C1112,2212
C1641,2135
C2260,2886
C3623,3595
C5690,1771
C4881,1803
C8730,3973
C8716,2953
C3189,3046
C9286,2184
C7577,3057
C7474,2179
C7724,2013
C1692,3574
C3943,3063
C9571,1870
C5345,2021
C5392,2628
C6499,1931
C1017,3257
C4670,1635
C7156,2136
C8713,2497
C1399,2443
C2282,2484
C5649,2380
C3023,2409
C4726,3301
C6737,2440
C8004,1993
C7843,2445
C2444,2627
C1383,2296
C4019,3763
C8892,2364
C3075,2232
C2460,1943
C6874,3207
C6160,3943
C5368,2762
C9214,3037
C2303,2410
C6506,2266
C5224,3438
C9432,3955
C9677,3169
C8285,3369
C1158,2664
C6567,2276
C7764,2212
C2758,2439
C9729,1659
C2619,2330
C3132,2679
C3932,2771
C9378,2657
C5829,2306
C6230,2124
C8842,1872
C3074,2591
C8305,2724
C1540,2399
C7684,2281
C2058,2187
C3051,1626
C3687,4068
C2760,1744
C6456,2170
C2044,2708
C6958,1438
C6069,2444
C2993,3187
C2778,2347
C8572,2819
C4385,2930
C3501,2894
C1449,2017
C4846,2771
C7426,2650
C5599,2167
C9651,2093
C5933,2559
C4529,1942
C7396,1783
C3176,2502
C7176,3090
C9419,2506
C3112,2142
C8522,2724
C7598,3292
C7250,2169
C9826,2241
C1860,2846
C9094,1471
C7655,2296
C1938,3373
C5754,2670
C3464,2243
C8541,2307
C2927,2432
C7283,3896
C2955,2009
C8345,2535
C7689,3794
C8823,3641
C4088,2604
C1167,2617
C6868,2525
C8123,3229
C9381,3073
C8627,2250
C6776,2587
C2163,2624
C1427,2535
C8213,3027
C8386,2344
C5313,2816
C1274,1913
C5098,2316
C6255,2189
C8031,2000
C6025,1673
C6881,2517
C9245,2554
C1614,3471
C1021,2499
C3291,2103
C7016,2014
C5284,1974
C3986,2787
C4651,2455
C9595,1801
C6635,2890
C4450,1382
C5612,3794
C1224,2321
C2450,2365
C1408,2545
C9524,2334
C9406,1968
C1566,2143
C2707,2192
C1049,2348
C5710,2480
C5900,1156
C3478,2046
C7516,2104
C6610,3417
C9948,2794
C8685,1748
C7037,2328
C7321,2124
C6450,2812
C6470,2640
C5792,2116
C5861,1896
C4561,1940
C3512,2011
C5363,3009
C2164,3597
C7869,2500
C2069,988
C9088,3622
C6074,2526
C9287,2485
C8948,3314
C6382,2748
C7558,1401
C4761,2965
C2698,2042
C2905,2322
C9466,2821
C2990,3515
C1448,3567
C9930,1415
C6864,3009
C4571,3167
C5221,2535
C7386,1573
C1401,2163
C6276,2362
C4644,2529
C1957,2481
C4296,2753
C7416,1650
C3612,2464
C2810,3239
C8977,2977
C4137,1849
C5047,2023
C3238,2832
C1721,2374
C6431,1854
C6936,1760
C9073,2106
C4672,1714
C9609,2511
C9982,3077
C9346,3043
C4092,3658
C3737,2391
C4758,1950
C3287,2691
C3584,2633
C6789,2546
C3384,1529
C9816,1937
C1095,1913
C5713,2367
C1515,3250
C9166,2156
C3223,2616
C8981,1821
C2038,2514
C8464,2243
C5734,2923
C3348,2390
C3889,2875
C1808,1952
C1508,2646
C1162,2677
C1352,3129
C4071,1977
C3527,2473
C1141,2972
C4099,2322
C1003,3036
C3121,1782
C7305,2890
C3748,2813
C8497,3244
C2965,2058
C2301,2356
C2700,3076
C5413,2478
C8521,2858
C8877,1895
C5347,2854
C5671,2206
C9210,3407
C4495,2445
C8862,2617
C5752,3079
C9413,2386
C1047,2114
C6229,1713
C3615,2053
C6667,1364
C9268,2833
C9992,2602
C7543,2520
C5837,2046
C7245,2842
C5172,2528
C4039,2214
C7466,2276
C1613,2459
C2655,2682
C7106,2441
C1989,3142
C8578,1979
C6085,2825
C7589,3215
C9624,2873
C7195,1639
C6519,2426
C9223,2348
C9983,2451
C2748,2924
C5294,2641
C8302,4533
C2033,2337
C4518,3823
C9915,3321
C8814,4013
C3555,2816
C9308,2605
C3025,3301
C1389,1677
C6483,2283
C7077,2130
C9991,1976
C9812,2231
C3129,3159
C6768,2364
C1997,3349
C1822,2517
C1080,3286
C6117,1732
C1035,3232
C9160,2974
C7167,2430
C5405,2029
C5865,759
C9100,2989
C1892,1359
C2751,2667
C1962,2614
C6057,2948
C3133,1967
C9654,2475
C1711,2739
C4756,3516
C3874,2517
C9745,2392
C9363,1242
C6088,2930
C6254,2028
C8443,2705
C2998,2997
C6507,2424
C5058,3345
C4024,3632
C2961,2255
C3496,2593
C1164,1678
C3429,1804
C6082,756
C8595,2288
C2511,2514
C4744,1772
C9340,2105
C9674,1567
C1987,1657
C9038,2415
C1965,3382
C4337,2478
C2982,2097
C1120,2647
C7508,2317
C8299,1679
C4922,1967
C3961,2227
C8210,3176
C6249,2773
C5201,2127
C4517,2395
C9951,2904
C5684,3413
C8795,2387
C3084,1640
C2241,1825
C5447,2732
C9939,2008
C3213,4562
C7630,2608
C6869,2344
C8434,2781
C7139,1687
C7586,3323
C7025,1900
C1677,2311
C9537,2595
C9746,2354
C1638,2890
C5681,2541
C9887,3237
C2138,2282
C1557,2741
C7591,2308
C8727,3050
C3314,2725
C6584,2734
C5586,2884
C4963,2661
C8602,2255
C1279,2391
C9407,2564
C7259,1231
C5471,3096
C6218,1111
C7202,2987
C9173,1991
C6439,2296
C3194,2424
C5215,2449
C9440,1771
C2500,3486
C3011,2531
C7903,2193
C3122,2605
C9749,1941
C2084,2766
C1701,2487
C3320,2061
C7567,2172
C4059,2291
C6514,2124
C9573,2891
C1207,3109
C5195,1917
C8474,1834
C4294,2341
C9196,2654
C7159,3016
C7763,1517
C4978,3213
C1474,2847
C3839,2457
C2610,3066
C7444,2422
C8171,1587
C5961,2442
C3930,3302
C4287,3338
C5588,2424
C9207,2546
C4479,2377
C6696,2978
C3824,2870
C9733,3595
C6693,3034
C3475,2806
C3073,3556
C4363,3843
C8752,3159
C2346,2558
C6941,3394
C7492,1840
C9257,2588
C2030,1950
C1323,2751
C3893,2761
C8950,2420
C5943,2177
C5676,2043
C2703,2637
C3371,3413
C7201,3261
C1032,2418
C9831,2475
C9744,2192
C1633,1716
C7101,2081
C4106,1452
C5279,2092
C3434,2922
C8118,2960
C2028,2851
C4986,1554
C5577,1899
C3056,2250
C3598,2680
C6946,2954
C9766,2769
C9362,3582
C7293,2568
C2197,1585
C5677,2027
C1125,3015
C6478,3787
C8489,2614
C1630,2363
C9958,3390
C3217,1919
C9350,2157
C1950,3958
C4591,2840
C3186,2452
C9716,2542
C7407,2278
C5069,1717
C7535,4169
C4675,2750
C1145,2391
C7241,2562
C9755,1428
C7706,3229
C9129,2658
C6969,2524
C4570,3241
C9668,3275
C6673,2284
C7027,2031
C7786,2561
C5187,1481
C3305,2315
C1976,3161
C1856,2356
C2484,2495
C5013,1690
C3410,2416
C6337,3388
C1262,2473
C2375,3106
C4519,1943
C5367,2464
C9231,2774
C4322,3208
C7590,2727
C7020,2824
C2123,2809
C5574,2433
C6171,1926
C3110,1482
C9391,3356
C4328,1687
C3519,2236
C7071,3847
C2660,2926
C9940,2436
C3761,2407
C1503,2073
C9209,3351
C3151,2096
C4094,3108
C6575,2581
C7582,2730
C2019,2820
C2725,3241
C7829,2645
C9109,2759
C5084,2858
C2109,2014
C5280,2193
C2597,2516
C2206,2053
C8242,1937
C9115,2747
C2953,2512
C7946,3002
C2052,1943
C9842,2026
C7102,2038
C8146,2051
C5327,2797
C1975,3286
C2783,2485
C2856,3124
C3596,1964
C2074,1741
C3154,2211
C5248,2632
C9053,1564
C9507,2969
C3588,2440
C2599,1650
C4958,2816
C3767,1242
C7683,2356
C6037,2689
C7568,2303
C5443,3512
C5917,2193
C9154,2874
C1266,2106
C4491,1753
C1877,1666
C6835,2658
C3544,1799
C3014,1681
C8286,1097
C9808,4049
C2981,3236
C9962,3078
C3240,1624
C3190,2558
C1439,3268
C2866,2613
C9046,3353
C7910,3377
C4794,3229
C6920,1867
C1456,3540
C6923,2515
C8475,2376
C3570,2007
C6994,2448
C2409,1993
C7904,2878
C7155,1209
C5890,3344
C6372,3199
C4594,2278
C3230,2641
C8863,2992
C3364,3202
C4840,2445
C6178,1987
C7562,2026
C1174,2447
C6474,2133
C9636,1903
C3334,1807
C6021,1686
C4175,2673
C1786,2521
C8440,2150
C1868,2823
C1353,2796
C1657,2175
C6443,2935
C6323,2528
C7715,2499
C7284,2251
C2344,2899
C3626,2887
C5087,2280
C9713,1656
C9799,2775
C4818,2943
C4812,2117
C7295,2247
C8177,3763
C1506,2796
C3436,1816
C2624,2030
C2441,2834
C6294,2544
C6020,2052
C5106,2393
C5416,1700
C5511,1616
C8150,1652
C2459,2475
C3774,2096
C9066,1319
C3682,3327
C8243,2309
C8629,1831
C1199,3190
C8990,2069
C6348,3648
C3339,1798
C6624,2282
C2131,2646
C3198,2345
C4639,2764
C4467,2456
C5080,2814
C2525,2846
C3919,2547
C8273,2942
C7719,3107
C9428,2170
C3275,2488
C9030,2808
C7526,1956
C6867,2224
C7621,2037
C2855,1859
C1882,2801
C6597,1597
C4231,2179
C5288,1242
C7696,2462
C7528,2268
C5909,2693
C2096,2088
C9790,3325
C6376,2527
C9592,2194
C8176,2300
C2279,1948
C5936,3333
C9577,3152
C8722,3034
C2347,2935
C2126,3225
C7187,2765
C9943,3774
C1651,3030
C1257,3236
C3744,2114
C5956,2046
C1230,3421
C2414,1992
C4389,2083
C2556,2303
C4533,2364
C5822,2817
C5184,2685
C7212,1826
C8356,3117
C5065,3007
C1346,2242
C9618,1943
C6671,2852
C9829,2455
C3405,2409
C8048,1948
C2124,2051
C1414,2167
C5740,2385
C3985,2890
C8960,2924
C8173,2346
C7506,3190
C2085,2103
C6862,3589
C8149,1329
C2737,3189
C3041,2594
C2595,2011
C2160,1951
C9895,2730
C3341,1659
C5939,2995
C8760,2547
C4668,2138
C6244,1736
C8720,1840
C4043,2951
C8168,2711
C7694,2630
C7052,2663
C4382,2423
C9157,2573
C2378,2256
C9872,3698
C2753,2376
C4167,2839
C8680,2460
C3627,1799
C2888,1886
C3897,2000
C5576,2534
C2286,2872
C1412,2074
C8120,3084
C9468,2109
C3775,1894
C5880,2964
C2717,2116
C6745,3023
C8703,2411
C7973,2438
C8936,2612
C4937,2064
C9840,2834
C5514,2635
C9604,3183
C3390,2322
C3914,1822
C3693,2282
C2475,2313
C4425,3281
C1465,2037
C8956,2493
C8859,3163
C9575,1998
C1467,3733
C5561,1579
C5222,2696
C9349,2120
C8000,2271
C1548,3068
C2696,2935
C6052,1481
C9251,2326
C1545,2154
C2761,2073
C1897,3155
C5987,2782
C6084,2766
C2702,2160
C3439,1610
C3601,2460
C6464,2513
C6595,2250
C1002,3166
C7720,3597
C3941,2466
C9613,2509
C5620,2357
C1752,2348
C1392,2610
C2623,2599
C8882,3364
C8406,2630
C5911,1955
C7928,2841
C3264,2618
C3745,2395
C6324,2592
C1773,2286
C3552,2709
C4595,2423
C9683,2004
C1978,2149
C9305,1821
C9158,2768
C2037,2950
C5581,2908
C2874,2283
C3322,3262
C8001,2182
C8531,2632
C5130,3692
C8436,1837
C7392,2266
C9274,2032
C7269,3276
C6926,2004
C5695,3671
C9914,2960
C1379,2049
C3622,2836
C3105,2527
C8054,1908
C5417,1883
C8573,2393
C6206,2001
C9827,2668
C9358,2483
C6547,2917
C4015,2895
C2426,2084
C3508,2081
C9523,1686
C8069,2662
C2000,1677
C9643,1802
C8831,2568
C5497,2118
C1921,2052
C3818,3587
C9554,3313
C7897,1886
C5409,2106
C5477,2332
C6858,2772
C2746,2687
C3315,2729
C8954,3315
C3261,2498
C2388,2410
C7933,2447
C7260,3542
C5929,2319
C1393,2589
C3785,2272
C1914,1739
C2678,1673
C5134,2332
C7922,2095
C1775,2357
C1760,2586
C5598,2402
C2507,2771
C8249,2081
C2196,2006
C5728,1709
C4686,3023
C5719,1663
C4390,2501
C4657,2285
C7754,2658
C4535,1579
C3951,2686
C8929,2825
C6719,1602
C2924,2832
C8188,1678
C9329,1796
C5972,1739
C7983,2770
C2933,2541
C6045,1718
C4058,2802
C5358,2364
C5735,4229
C7066,2965
C3308,2816
C1006,2266
C1823,1817
C2455,2591
C5476,2366
C5053,2063
C7151,2408
C9489,1824
C6416,2225
C8216,2403
C1637,2356
C9715,3285
C7527,3137
C7520,2054
C6127,3393
C1654,1667
C3808,2815
C7034,3173
C8686,2966
C7131,2940
C9835,2573
C1647,2788
C9538,2827
C9356,2700
C8843,3621
C5149,2120
C9384,2225
C4454,2690
C3047,2577
C2920,2678
C7177,2283
C2551,2025
C9773,3030
C4769,2556
C1059,1270
C6138,2928
C3355,1830
C4197,2878
C1019,2388
C4847,2750
C2867,2891
C7622,2418
C6713,2555
C1735,2985
C7287,2200
C4124,1851
C9583,2202
C9929,2706
C7389,2315
C8179,1910
C7387,2462
C5071,2657
C2893,1331
C5622,2292
C4350,2443
C3840,2267
C7268,2606
C8254,3744
C3663,2656
C1746,2631
C8070,2513
C9795,1483
C8612,2211
C8520,2759
C6116,2549
C2625,2623
C7008,2226
C5485,2644
C3836,2870
C3003,3248
C9320,2339
C3902,2620
C3479,2075
C8888,2598
C9034,2383
C3793,2120
C3140,2682
C2858,2421
C4814,2425
C7978,2631
C3586,2025
C4907,2378
C5398,2738
C9631,1646
C5683,3115
C6557,2840
C2266,2241
C5082,2902
C7747,2785
C7114,2609
C7373,2235
C3686,4016
C6592,2168
C1042,2183
C5075,2538
C8624,2191
C3307,2842
C7680,3034
C9966,1759
C5274,4298
C9070,2598
C2931,3220
C2021,2248
C8928,2427
C3702,3513
C5727,2179
C1605,1946
C3010,1795
C7404,2476
C2850,2936
C8866,1340
C6317,3330
C6534,3029
C5755,2283
C4929,1847
C9404,3084
C1367,3347
C8923,3059
C1821,1592
C3409,1566
C4428,2225
C6501,2497
C1016,1943
C3857,2766
C2759,2487
C8912,2879
C9898,3138
C5321,1988
C3844,1704
C4017,2031
C5050,2581
C9143,1505
C8049,2586
C9731,1588
C1757,2408
C7135,2410
C1576,3482
C4228,2043
C5844,2314
C6182,2433
C2727,2913
C2928,2463
C4617,1990
C3746,2269
C8283,2779
C1812,1880
C6703,2419
C9607,2327
C3634,3540
C3274,2421
C4469,2784
C1764,1662
C5354,3006
C1899,2125
C1493,2777
C2477,3071
C1525,2601
C7188,2144
C3265,2809
C2271,1644
C8895,2609
C9012,2545
C9263,2292
C9027,1853
C4063,2403
C1748,2590
C4505,2176
C1880,2964
C1539,1309
C9361,2752
C1143,3475
C1152,2571
C6652,3699
C9081,2006
C2220,2335
C2695,2766
C5230,2323
C5427,2772
C9254,2994
C9813,1249
C8693,2041
C6000,1795
C2150,1749
C5310,1983
C1093,2263
C9304,2443
C4706,2751
C6363,2861
C3901,2549
C7649,1892
C1159,2633
C8999,3029
C8815,1935
C7437,2224
C2919,2729
C4582,2204
C4531,2269
C7569,2273
C3092,2616
C4146,1847
C8714,2935
C7525,2073
C1501,1871
C4895,2863
C5931,2673
C9110,2528
C6131,3035
C3617,1844
C4144,3416
C3106,2993
C3581,3024
C4662,3975
C1958,3062
C3557,2646
C3610,2502
C6092,2413
C8829,1540
C5730,2689
C9248,3389
C4626,2571
C8006,2473
C6879,2400
C6329,2630
C1615,2261
C7737,2537
C8247,3276
C6051,2409
C9236,2895
C2796,2964
C3796,2644
C3725,2858
C9825,3251
C2636,2739
C1443,2064
C5505,1309
C4209,1148
C7060,1786
C9875,2657
C5296,2930
C3853,2732
C3141,2692
C1529,3413
C8591,2510
C7523,3609
C9264,2263
C6690,2072
C7347,2077
C6341,2389
C7975,1900
C7224,3107
C5831,2813
C9950,2628
C1911,2854
C4408,2329
C6047,2633
C2721,2024
C5024,3208
C2423,3400
C1422,2878
C3825,2468
C2322,1698
C9093,2207
C6290,2624
C7838,1896
C8470,3067
C4383,5270
C8562,2462
C5769,2057
C5452,1813
C7262,3615
C4120,2781
C3380,2195
C1895,2338
C6219,2567
C7111,2761
C6740,2123
C6549,2460
C5078,3229
C7636,1706
C5404,2841
C2729,2769
C6156,1910
C9390,2889
C7653,1995
C5060,1904
C4006,1590
C1272,2874
C2992,2695
C9018,2890
C1984,3387
C6871,3561
C9374,2739
C3342,1913
C1213,3247
C1200,2469
C2265,2943
C1532,3349
C3600,3012
C1163,4179
C7851,2678
C4892,2282
C9204,2685
C9043,1613
C3646,2507
C9718,2229
C9710,1875
C3225,2700
C8039,2961
C9339,2956
C5063,1784
C4053,2046
C8329,1988
C5589,2555
C3655,2130
C5252,2423
C4379,3046
C2538,2650
C2103,2723
C2692,2645
C9504,1618
C6312,2413
C6562,1801
C2350,2396
C2991,3152
C4042,3066
C6989,2377
C9202,2524
C9226,2728
C1905,1540
C7129,3232
C9433,2181
C8199,2433
C5522,2847
C3561,3212
C1111,3162
C5849,2261
C4223,2123
C6344,2811
C5122,2798
C2497,2849
C6059,2854
C2211,2223
C8799,1771
C6555,3681
C3368,1718
C9472,1419
C2950,1923
C2224,2124
C8422,2571
C9416,2356
C8223,2826
C7889,1813
C2612,2461
C3907,2614
C2192,2326
C3335,2023
C4423,3130
C1900,2149
C2936,2803
C4633,2421
C5351,2567
C5639,2712
C5536,2328
C1617,3159
C7300,1827
C7942,2555
C7503,2440
C7408,1996
C3949,2358
C2102,2474
C7825,3386
C7643,2557
C3427,2909
C5009,2586
C2275,1676
C5232,2671
C9714,2685
C9777,3254
C7868,2502
C9188,2847
C5419,1878
C3979,1678
C5540,2662
C4095,1641
C4920,2297
C3248,3039
C6346,1977
C3295,2590
C2572,2138
C4501,2339
C8690,2366
C3797,2943
C1219,4815
C4021,4511
C3323,2620
C6366,2911
C2264,1546
C5272,2095
C8439,2509
C5830,1758
C6527,3013
C1350,1773
C4496,2654
C4823,2464
C7738,3216
C2848,2160
C2045,3461
C3235,2534
C8808,2670
C4114,2307
C8529,1940
C3791,2628
C8967,2279
C7945,3053
C8846,2511
C1166,2885
C9364,2597
C7918,4230
C7912,2699
C2403,3389
C4508,2809
C1784,3369
C8319,1897
C6784,2846
C8479,2503
C9774,2608
C3458,2503
C4443,3149
C3060,2960
C3203,1970
C5757,1747
C6170,2888
C3753,2263
C8056,2962
C2917,2332
C8747,3502
C4083,1899
C4990,2744
C1192,2346
C4241,1982
C5603,2926
C4264,2476
C5265,2181
C9148,2609
C8019,2349
C6791,1754
C4632,1510
C6779,2339
C8400,2125
C4984,2142
C1369,915
C8893,1862
C5605,1900
C6223,3440
C3633,2744
C8523,2476
C4815,2775
C8144,1740
C9266,1891
C9163,1793
C4979,2427
C4982,2057
C3218,1996
C7760,3430
C9878,3132
C5349,2951
C2869,2258
C6619,3982
C7231,1268
C1300,2671
C7331,1864
C5892,2485
C4074,2901
C6492,2343
C5444,2148
C6913,2630
C2238,2981
C2031,2096
C7320,1940
C7204,2390
C4946,2744
C9023,2850
C1909,1608
C5538,2199
C3428,3337
C9488,1802
C1970,3292
C6841,2532
C8255,2713
C2602,1718
C4729,1957
C4182,1717
C8832,1752
C2557,2653
C1648,2668
C3558,1659
C6048,2499
C5010,3517
C8181,2770
C5687,3578
C7963,2637
C7604,1671
C4702,1766
C8880,2596
C8446,2337
C6189,1341
C4939,2474
C1980,2022
C5410,1514
C5495,2234
C9060,1919
C5041,1548
C8678,3390
C2326,2026
C3373,3788
C2443,2970
C6144,2496
C2024,2462
C3809,1963
C5962,2381
C1902,2538
C6892,2845
C6321,1061
C2504,1887
C4430,2748
C1250,2594
C8945,2250
C1026,2748
C6236,2992
C8782,1862
C4302,2111
C1444,1905
C8163,3699
C4889,2609
C4193,1420
C5779,2165
C3783,3040
C5331,2187
C8351,3068
C7375,2421
C1741,2271
C6669,2311
C4506,2815
C5394,2190
C9498,2299
C4490,2916
C1954,2021
C6645,2545
C8516,1522
C6800,1596
C4574,2153
C4373,2059
C1438,2589
C9567,4550
C9823,2149
C4687,2045
C8276,1267
C3278,1965
C9022,2933
C8797,2674
C9743,2405
C4203,2724
C2706,1271
C3602,1936
C1803,1687
C5436,3335
C6778,1925
C1724,2036
C7614,2714
C3107,2401
C4456,1678
C3338,3062
C1065,2735
C3760,2216
C7211,4364
C5406,2046
C8226,2971
C1259,2942
C6883,3353
C7546,3349
C7327,3342
C6396,2826
C7926,2828
C5489,1463
C7626,2016
C8390,3411
C6854,2376
C3673,2080
C2669,3182
C4542,3788
C7509,2522
C1946,1183
C6481,1821
C6843,2194
C1289,1976
C9050,2971
C7351,3195
C2060,3915
C8326,3009
C1275,2091
C4466,1172
C9671,2538
C1511,3444
C6939,2850
C5255,2704
C7229,2681
C5966,3418
C6427,1904
C3491,2931
C7894,1062
C7648,2102
C9949,3421
C2216,2742
C9998,2888
C2553,1233
C7442,1948
C9544,3284
C2125,2552
C6842,2344
C1165,1973
C8904,2715
C7573,2299
C6175,2992
C6767,3505
C7346,3225
C9906,1510
C2957,2097
C2532,2555
C8053,1882
C5396,1222
C2609,2731
C2208,2494
C2814,3125
C2176,1943
C3096,2558
C9876,2729
C6066,2567
C6816,3211
C1504,3350
C9937,3120
C4923,2391
C9784,2311
C5242,1686
C1364,2605
C9342,1628
C2027,4261
C3031,2058
C3139,2154
C6822,2433
C9280,2250
C5758,2240
C5226,2786
C4782,2411
C7716,2564
C9634,2770
C8694,2576
C1788,2691
C3297,3381
C8701,3001
C2295,2889
C2172,1658
C9512,2230
C7455,2342
C5048,2217
C4536,2847
C7964,3545
C9058,3202
C5132,3012
C8426,1677
C5156,4270
C8733,2930
C3613,2950
C9586,2731
C9198,3021
C8830,1122
C7717,2929
C8592,2778
